x,y,z,time
0.02133322520211848,0.0008357721634277837,-0.006703757772273182,0.0
0.02135035530330897,0.0008502232317612879,-0.006613338683487695,1.135925531387329
0.02135035530330897,0.0008502232317612879,-0.006613338683487695,1.165633201599121
0.02135035530330897,0.0008502232317612879,-0.006613338683487695,1.2152116298675537
0.02135035530330897,0.0008502232317612879,-0.006613338683487695,1.2610666751861572
0.02135035530330897,0.0008502232317612879,-0.006613338683487695,1.313917636871338
0.02135035530330897,0.0008502232317612879,-0.006613338683487695,1.3579800128936768
0.02135035530330897,0.0008502232317612879,-0.006613338683487695,1.4007272720336914
0.02135035530330897,0.0008502232317612879,-0.006613338683487695,1.4505901336669922
0.02135035530330897,0.0008502232317612879,-0.006613338683487695,1.4801583290100098
0.02135035530330897,0.0008502232317612879,-0.006613338683487695,1.5110182762145996
0.02135035530330897,0.0008502232317612879,-0.006613338683487695,1.5422804355621338
0.02135035530330897,0.0008502232317612879,-0.006613338683487695,1.5744552612304688
0.02135035530330897,0.0008502232317612879,-0.006613338683487695,1.6037633419036865
0.02135035530330897,0.0008502232317612879,-0.006613338683487695,1.6363270282745361
0.02135035530330897,0.0008502232317612879,-0.006613338683487695,1.6662707328796387
0.02135035530330897,0.0008502232317612879,-0.006613338683487695,1.706733226776123
0.021057541967364944,0.0008532572957564988,-0.0066293111219384426,1.731421947479248
0.02135035530330897,0.0008502232317612879,-0.006613338683487695,1.7604897022247314
0.02135035530330897,0.0008502232317612879,-0.006613338683487695,1.7793974876403809
0.02135035530330897,0.0008502232317612879,-0.006613338683487695,1.8065745830535889
0.02135035530330897,0.0008502232317612879,-0.006613338683487695,1.8555991649627686
0.02135035530330897,0.0008502232317612879,-0.006613338683487695,1.8864521980285645
0.02135035530330897,0.0008502232317612879,-0.006613338683487695,1.9183259010314941
0.02135035530330897,0.0008502232317612879,-0.006613338683487695,1.9556503295898438
0.02135035530330897,0.0008502232317612879,-0.006613338683487695,1.9836113452911377
0.02135035530330897,0.0008502232317612879,-0.006613338683487695,2.0147299766540527
0.02135035530330897,0.0008502232317612879,-0.006613338683487695,2.05871319770813
0.02135035530330897,0.0008502232317612879,-0.006613338683487695,2.0834481716156006
0.02135035530330897,0.0008502232317612879,-0.006613338683487695,2.1047728061676025
0.02135035530330897,0.0008502232317612879,-0.006613338683487695,2.1329665184020996
0.02135035530330897,0.0008502232317612879,-0.006613338683487695,2.159137487411499
0.02135035530330897,0.0008502232317612879,-0.006613338683487695,2.181879758834839
0.02135035530330897,0.0008502232317612879,-0.006613338683487695,2.208397150039673
0.02135035530330897,0.0008502232317612879,-0.006613338683487695,2.24174165725708
0.02135035530330897,0.0008502232317612879,-0.006613338683487695,2.2668960094451904
0.02135035530330897,0.0008502232317612879,-0.006613338683487695,2.2910256385803223
0.02135035530330897,0.0008502232317612879,-0.006613338683487695,2.3242719173431396
0.02135035530330897,0.0008502232317612879,-0.006613338683487695,2.3489990234375
0.02135035530330897,0.0008502232317612879,-0.006613338683487695,2.3760180473327637
0.02135035530330897,0.0008502232317612879,-0.006613338683487695,2.399860143661499
0.02135035530330897,0.0008502232317612879,-0.006613338683487695,2.4278063774108887
0.02135035530330897,0.0008502232317612879,-0.006613338683487695,2.4500486850738525
0.02135035530330897,0.0008502232317612879,-0.006613338683487695,2.4800596237182617
0.02135035530330897,0.0008502232317612879,-0.006613338683487695,2.512532949447632
0.02135035530330897,0.0008502232317612879,-0.006613338683487695,2.545226812362671
0.02135035530330897,0.0008502232317612879,-0.006613338683487695,2.573246479034424
0.02135035530330897,0.0008502232317612879,-0.006613338683487695,2.6186208724975586
0.02135035530330897,0.0008502232317612879,-0.006613338683487695,2.6392085552215576
0.02135035530330897,0.0008502232317612879,-0.006613338683487695,2.6646552085876465
0.02135035530330897,0.0008502232317612879,-0.006613338683487695,2.697563886642456
0.02135035530330897,0.0008502232317612879,-0.006613338683487695,2.7300219535827637
0.02135035530330897,0.0008502232317612879,-0.006613338683487695,2.7486891746520996
0.02135035530330897,0.0008502232317612879,-0.006613338683487695,2.769289016723633
0.02135035530330897,0.0008502232317612879,-0.006613338683487695,2.794146776199341
0.02135035530330897,0.0008502232317612879,-0.006613338683487695,2.823166847229004
0.02135035530330897,0.0008502232317612879,-0.006613338683487695,2.8469157218933105
0.02135035530330897,0.0008502232317612879,-0.006613338683487695,2.869347333908081
0.02136875999399118,0.0010235811817295715,-0.0066183250848518265,2.8908886909484863
0.02135035530330897,0.0008502232317612879,-0.006613338683487695,2.9200849533081055
0.02135035530330897,0.0008502232317612879,-0.006613338683487695,2.9513792991638184
0.02135035530330897,0.0008502232317612879,-0.006613338683487695,2.9753973484039307
0.02135035530330897,0.0008502232317612879,-0.006613338683487695,2.998947858810425
0.02135035530330897,0.0008502232317612879,-0.006613338683487695,3.021216869354248
0.02135035530330897,0.0008502232317612879,-0.006613338683487695,3.042536735534668
0.02135035530330897,0.0008502232317612879,-0.006613338683487695,3.0668015480041504
0.02135035530330897,0.0008502232317612879,-0.006613338683487695,3.1000518798828125
0.02135035530330897,0.0008502232317612879,-0.006613338683487695,3.123105764389038
0.02135035530330897,0.0008502232317612879,-0.006613338683487695,3.155090570449829
0.02135035530330897,0.0008502232317612879,-0.006613338683487695,3.185633897781372
0.02136875999399118,0.0010235811817295715,-0.0066183250848518265,3.2082581520080566
0.02135035530330897,0.0008502232317612879,-0.006613338683487695,3.2462501525878906
0.02135035530330897,0.0008502232317612879,-0.006613338683487695,3.2693819999694824
0.02135035530330897,0.0008502232317612879,-0.006613338683487695,3.2909584045410156
0.02135035530330897,0.0008502232317612879,-0.006613338683487695,3.3279852867126465
0.02135035530330897,0.0008502232317612879,-0.006613338683487695,3.3562991619110107
0.02135035530330897,0.0008502232317612879,-0.006613338683487695,3.387850522994995
0.02135035530330897,0.0008502232317612879,-0.006613338683487695,3.419894218444824
0.02135035530330897,0.0008502232317612879,-0.006613338683487695,3.4501755237579346
0.02135035530330897,0.0008502232317612879,-0.006613338683487695,3.4744362831115723
0.02135035530330897,0.0008502232317612879,-0.006613338683487695,3.505472183227539
0.02135035530330897,0.0008502232317612879,-0.006613338683487695,3.5312366485595703
0.02135035530330897,0.0008502232317612879,-0.006613338683487695,3.5587329864501953
0.02136875999399118,0.0010235811817295715,-0.0066183250848518265,3.593602180480957
0.02135035530330897,0.0008502232317612879,-0.006613338683487695,3.6198182106018066
0.02135035530330897,0.0008502232317612879,-0.006613338683487695,3.6431524753570557
0.02136875999399118,0.0010235811817295715,-0.0066183250848518265,3.6748733520507812
0.02135035530330897,0.0008502232317612879,-0.006613338683487695,3.7064120769500732
0.02135035530330897,0.0008502232317612879,-0.006613338683487695,3.7314813137054443
0.02135035530330897,0.0008502232317612879,-0.006613338683487695,3.7520134449005127
0.02135035530330897,0.0008502232317612879,-0.006613338683487695,3.7744977474212646
0.02135035530330897,0.0008502232317612879,-0.006613338683487695,3.803344249725342
0.02135035530330897,0.0008502232317612879,-0.006613338683487695,3.8249995708465576
0.02135035530330897,0.0008502232317612879,-0.006613338683487695,3.8534388542175293
0.02135035530330897,0.0008502232317612879,-0.006613338683487695,3.8829550743103027
0.02135035530330897,0.0008502232317612879,-0.006613338683487695,3.906511068344116
0.02135035530330897,0.0008502232317612879,-0.006613338683487695,3.9332637786865234
0.02135035530330897,0.0008502232317612879,-0.006613338683487695,3.953995943069458
0.02135035530330897,0.0008502232317612879,-0.006613338683487695,3.9747214317321777
0.02136875999399118,0.0010235811817295715,-0.0066183250848518265,3.9967780113220215
0.02135035530330897,0.0008502232317612879,-0.006613338683487695,4.024615526199341
0.02135035530330897,0.0008502232317612879,-0.006613338683487695,4.045867204666138
0.02135035530330897,0.0008502232317612879,-0.006613338683487695,4.070613145828247
0.02135035530330897,0.0008502232317612879,-0.006613338683487695,4.099810600280762
0.02136875999399118,0.0010235811817295715,-0.0066183250848518265,4.131983757019043
0.02135035530330897,0.0008502232317612879,-0.006613338683487695,4.158352613449097
0.02135035530330897,0.0008502232317612879,-0.006613338683487695,4.189490079879761
0.02135035530330897,0.0008502232317612879,-0.006613338683487695,4.211054801940918
0.02135035530330897,0.0008502232317612879,-0.006613338683487695,4.238785266876221
0.02135035530330897,0.0008502232317612879,-0.006613338683487695,4.282581090927124
0.02135035530330897,0.0008502232317612879,-0.006613338683487695,4.314802169799805
0.02135035530330897,0.0008502232317612879,-0.006613338683487695,4.345575571060181
0.02135035530330897,0.0008502232317612879,-0.006613338683487695,4.376293182373047
0.02135035530330897,0.0008502232317612879,-0.006613338683487695,4.3987205028533936
0.02135035530330897,0.0008502232317612879,-0.006613338683487695,4.4232611656188965
0.02135035530330897,0.0008502232317612879,-0.006613338683487695,4.470728874206543
0.02136875999399118,0.0010235811817295715,-0.0066183250848518265,4.491450786590576
0.02135035530330897,0.0008502232317612879,-0.006613338683487695,4.516804218292236
0.02135035530330897,0.0008502232317612879,-0.006613338683487695,4.549125671386719
0.02135035530330897,0.0008502232317612879,-0.006613338683487695,4.58116602897644
0.02135035530330897,0.0008502232317612879,-0.006613338683487695,4.614403963088989
0.02136875999399118,0.0010235811817295715,-0.0066183250848518265,4.644304990768433
0.02135035530330897,0.0008502232317612879,-0.006613338683487695,4.675536394119263
0.02135035530330897,0.0008502232317612879,-0.006613338683487695,4.704577207565308
0.02135035530330897,0.0008502232317612879,-0.006613338683487695,4.7258806228637695
0.02136875999399118,0.0010235811817295715,-0.0066183250848518265,4.757850408554077
0.02135035530330897,0.0008502232317612879,-0.006613338683487695,4.783196210861206
0.02136875999399118,0.0010235811817295715,-0.0066183250848518265,4.808051586151123
0.02136875999399118,0.0010235811817295715,-0.0066183250848518265,4.84199857711792
0.02135035530330897,0.0008502232317612879,-0.006613338683487695,4.864973068237305
0.02135035530330897,0.0008502232317612879,-0.006613338683487695,4.889198303222656
0.02135035530330897,0.0008502232317612879,-0.006613338683487695,4.912889719009399
0.02135035530330897,0.0008502232317612879,-0.006613338683487695,4.945977687835693
0.02135035530330897,0.0008502232317612879,-0.006613338683487695,4.969817876815796
0.02135035530330897,0.0008502232317612879,-0.006613338683487695,4.9917638301849365
0.02135035530330897,0.0008502232317612879,-0.006613338683487695,5.019332408905029
0.02135035530330897,0.0008502232317612879,-0.006613338683487695,5.05044960975647
0.02135035530330897,0.0008502232317612879,-0.006613338683487695,5.080628395080566
0.02135035530330897,0.0008502232317612879,-0.006613338683487695,5.111996173858643
0.02135035530330897,0.0008502232317612879,-0.006613338683487695,5.143709182739258
0.02135035530330897,0.0008502232317612879,-0.006613338683487695,5.163490295410156
0.02135035530330897,0.0008502232317612879,-0.006613338683487695,5.1859846115112305
0.02135035530330897,0.0008502232317612879,-0.006613338683487695,5.216979503631592
0.02135035530330897,0.0008502232317612879,-0.006613338683487695,5.240322589874268
0.02135035530330897,0.0008502232317612879,-0.006613338683487695,5.2691264152526855
0.02135035530330897,0.0008502232317612879,-0.006613338683487695,5.287496089935303
0.02135035530330897,0.0008502232317612879,-0.006613338683487695,5.315610885620117
0.02135035530330897,0.0008502232317612879,-0.006613338683487695,5.339561700820923
0.02135035530330897,0.0008502232317612879,-0.006613338683487695,5.36175799369812
0.02135035530330897,0.0008502232317612879,-0.006613338683487695,5.389448881149292
0.021057541967364944,0.0008532572957564988,-0.0066293111219384426,5.414862632751465
0.02135035530330897,0.0008502232317612879,-0.006613338683487695,5.443614959716797
0.02135035530330897,0.0008502232317612879,-0.006613338683487695,5.475447177886963
0.02135035530330897,0.0008502232317612879,-0.006613338683487695,5.4980247020721436
0.02135035530330897,0.0008502232317612879,-0.006613338683487695,5.518749475479126
0.02135035530330897,0.0008502232317612879,-0.006613338683487695,5.551632881164551
0.02135035530330897,0.0008502232317612879,-0.006613338683487695,5.5754170417785645
0.02135035530330897,0.0008502232317612879,-0.006613338683487695,5.605573415756226
0.02135035530330897,0.0008502232317612879,-0.006613338683487695,5.625931262969971
0.02135035530330897,0.0008502232317612879,-0.006613338683487695,5.653061389923096
0.02136875999399118,0.0010235811817295715,-0.0066183250848518265,5.680477142333984
0.02135035530330897,0.0008502232317612879,-0.006613338683487695,5.7040627002716064
0.02135035530330897,0.0008502232317612879,-0.006613338683487695,5.7298407554626465
0.02135035530330897,0.0008502232317612879,-0.006613338683487695,5.751247406005859
0.02136875999399118,0.0010235811817295715,-0.0066183250848518265,5.776111364364624
0.02135035530330897,0.0008502232317612879,-0.006613338683487695,5.798566818237305
0.02135035530330897,0.0008502232317612879,-0.006613338683487695,5.8250038623809814
0.02135035530330897,0.0008502232317612879,-0.006613338683487695,5.849937200546265
0.02135035530330897,0.0008502232317612879,-0.006613338683487695,5.8761279582977295
0.02135035530330897,0.0008502232317612879,-0.006613338683487695,5.90427827835083
0.02135035530330897,0.0008502232317612879,-0.006613338683487695,5.92760157585144
0.02135035530330897,0.0008502232317612879,-0.006613338683487695,5.951571941375732
0.02135035530330897,0.0008502232317612879,-0.006613338683487695,5.981977701187134
0.02135035530330897,0.0008502232317612879,-0.006613338683487695,6.004663467407227
0.02135035530330897,0.0008502232317612879,-0.006613338683487695,6.0293426513671875
0.02135035530330897,0.0008502232317612879,-0.006613338683487695,6.060555458068848
0.02135035530330897,0.0008502232317612879,-0.006613338683487695,6.1189234256744385
0.02135035530330897,0.0008502232317612879,-0.006613338683487695,6.143325567245483
0.02135035530330897,0.0008502232317612879,-0.006613338683487695,6.174014329910278
0.02135035530330897,0.0008502232317612879,-0.006613338683487695,6.215903043746948
0.02136875999399118,0.0010235811817295715,-0.0066183250848518265,6.277589559555054
0.02135035530330897,0.0008502232317612879,-0.006613338683487695,6.310336351394653
0.02135035530330897,0.0008502232317612879,-0.006613338683487695,6.3363659381866455
0.02135035530330897,0.0008502232317612879,-0.006613338683487695,6.359715700149536
0.02136875999399118,0.0010235811817295715,-0.0066183250848518265,6.381303787231445
0.02135035530330897,0.0008502232317612879,-0.006613338683487695,6.412425994873047
0.02135035530330897,0.0008502232317612879,-0.006613338683487695,6.435312747955322
0.02135035530330897,0.0008502232317612879,-0.006613338683487695,6.458063364028931
0.02135035530330897,0.0008502232317612879,-0.006613338683487695,6.4917824268341064
0.02135035530330897,0.0008502232317612879,-0.006613338683487695,6.53633713722229
0.02135035530330897,0.0008502232317612879,-0.006613338683487695,6.558905124664307
0.02136875999399118,0.0010235811817295715,-0.0066183250848518265,6.579873085021973
0.02135035530330897,0.0008502232317612879,-0.006613338683487695,6.602478265762329
0.02135035530330897,0.0008502232317612879,-0.006613338683487695,6.6315693855285645
0.02135035530330897,0.0008502232317612879,-0.006613338683487695,6.64931058883667
0.02135035530330897,0.0008502232317612879,-0.006613338683487695,6.673832654953003
0.02136875999399118,0.0010235811817295715,-0.0066183250848518265,6.696370601654053
0.02136875999399118,0.0010235811817295715,-0.0066183250848518265,6.720615863800049
0.02135035530330897,0.0008502232317612879,-0.006613338683487695,6.742971897125244
0.02135035530330897,0.0008502232317612879,-0.006613338683487695,6.774683952331543
0.02135035530330897,0.0008502232317612879,-0.006613338683487695,6.796766996383667
0.02135035530330897,0.0008502232317612879,-0.006613338683487695,6.825174331665039
0.02135035530330897,0.0008502232317612879,-0.006613338683487695,6.853174209594727
0.02135035530330897,0.0008502232317612879,-0.006613338683487695,6.873412370681763
0.02135035530330897,0.0008502232317612879,-0.006613338683487695,6.895493745803833
0.02135035530330897,0.0008502232317612879,-0.006613338683487695,6.917466402053833
0.02136875999399118,0.0010235811817295715,-0.0066183250848518265,6.943607568740845
0.02136875999399118,0.0010235811817295715,-0.0066183250848518265,6.966330051422119
0.02135035530330897,0.0008502232317612879,-0.006613338683487695,6.996973276138306
0.02135035530330897,0.0008502232317612879,-0.006613338683487695,7.015675067901611
0.02135035530330897,0.0008502232317612879,-0.006613338683487695,7.037832498550415
0.02135035530330897,0.0008502232317612879,-0.006613338683487695,7.059592247009277
0.02135035530330897,0.0008502232317612879,-0.006613338683487695,7.083483695983887
0.02135035530330897,0.0008502232317612879,-0.006613338683487695,7.108469724655151
0.02135035530330897,0.0008502232317612879,-0.006613338683487695,7.138269901275635
0.02135035530330897,0.0008502232317612879,-0.006613338683487695,7.162323236465454
0.02135035530330897,0.0008502232317612879,-0.006613338683487695,7.187179803848267
0.02136875999399118,0.0010235811817295715,-0.0066183250848518265,7.212022066116333
0.02135035530330897,0.0008502232317612879,-0.006613338683487695,7.2410728931427
0.02135035530330897,0.0008502232317612879,-0.006613338683487695,7.265161991119385
0.02135035530330897,0.0008502232317612879,-0.006613338683487695,7.285433292388916
0.02135035530330897,0.0008502232317612879,-0.006613338683487695,7.311245679855347
0.02135035530330897,0.0008502232317612879,-0.006613338683487695,7.329868793487549
0.02135035530330897,0.0008502232317612879,-0.006613338683487695,7.356078863143921
0.02135035530330897,0.0008502232317612879,-0.006613338683487695,7.381200075149536
0.02135035530330897,0.0008502232317612879,-0.006613338683487695,7.418860197067261
0.02135035530330897,0.0008502232317612879,-0.006613338683487695,7.452086687088013
0.02135035530330897,0.0008502232317612879,-0.006613338683487695,7.471288442611694
0.02135035530330897,0.0008502232317612879,-0.006613338683487695,7.514709949493408
0.02136875999399118,0.0010235811817295715,-0.0066183250848518265,7.535034418106079
0.02136875999399118,0.0010235811817295715,-0.0066183250848518265,7.55892276763916
0.02135035530330897,0.0008502232317612879,-0.006613338683487695,7.582213640213013
0.02135035530330897,0.0008502232317612879,-0.006613338683487695,7.610954999923706
0.02135035530330897,0.0008502232317612879,-0.006613338683487695,7.656706094741821
0.02135035530330897,0.0008502232317612879,-0.006613338683487695,7.6895623207092285
0.02136875999399118,0.0010235811817295715,-0.0066183250848518265,7.710336208343506
0.02136875999399118,0.0010235811817295715,-0.0066183250848518265,7.742418050765991
0.02136875999399118,0.0010235811817295715,-0.0066183250848518265,7.782528400421143
0.02135035530330897,0.0008502232317612879,-0.006613338683487695,7.8050830364227295
0.02135035530330897,0.0008502232317612879,-0.006613338683487695,7.827426433563232
0.02135035530330897,0.0008502232317612879,-0.006613338683487695,7.855609893798828
0.02135035530330897,0.0008502232317612879,-0.006613338683487695,7.879317998886108
0.02136875999399118,0.0010235811817295715,-0.0066183250848518265,7.909231662750244
0.02135035530330897,0.0008502232317612879,-0.006613338683487695,7.934776544570923
0.02135035530330897,0.0008502232317612879,-0.006613338683487695,7.971688747406006
0.02135035530330897,0.0008502232317612879,-0.006613338683487695,7.993287801742554
0.02136875999399118,0.0010235811817295715,-0.0066183250848518265,8.023569107055664
0.02135035530330897,0.0008502232317612879,-0.006613338683487695,8.045107126235962
0.02135035530330897,0.0008502232317612879,-0.006613338683487695,8.073575019836426
0.02135035530330897,0.0008502232317612879,-0.006613338683487695,8.095150232315063
0.02135035530330897,0.0008502232317612879,-0.006613338683487695,8.116159439086914
0.02135035530330897,0.0008502232317612879,-0.006613338683487695,8.141512155532837
0.02135035530330897,0.0008502232317612879,-0.006613338683487695,8.17426085472107
0.02135035530330897,0.0008502232317612879,-0.006613338683487695,8.200997352600098
0.02135035530330897,0.0008502232317612879,-0.006613338683487695,8.223649501800537
0.02136875999399118,0.0010235811817295715,-0.0066183250848518265,8.245957851409912
0.02135035530330897,0.0008502232317612879,-0.006613338683487695,8.276957273483276
0.02135035530330897,0.0008502232317612879,-0.006613338683487695,8.298861742019653
0.02135035530330897,0.0008502232317612879,-0.006613338683487695,8.317979335784912
0.02135035530330897,0.0008502232317612879,-0.006613338683487695,8.351102113723755
0.02135035530330897,0.0008502232317612879,-0.006613338683487695,8.377475023269653
0.02135035530330897,0.0008502232317612879,-0.006613338683487695,8.407681703567505
0.02135035530330897,0.0008502232317612879,-0.006613338683487695,8.436521530151367
0.02135035530330897,0.0008502232317612879,-0.006613338683487695,8.46280312538147
0.02135035530330897,0.0008502232317612879,-0.006613338683487695,8.485674381256104
0.02135035530330897,0.0008502232317612879,-0.006613338683487695,8.50804352760315
0.02135035530330897,0.0008502232317612879,-0.006613338683487695,8.535408735275269
0.02135035530330897,0.0008502232317612879,-0.006613338683487695,8.56694769859314
0.02135035530330897,0.0008502232317612879,-0.006613338683487695,8.588940143585205
0.02135035530330897,0.0008502232317612879,-0.006613338683487695,8.613973617553711
0.02135035530330897,0.0008502232317612879,-0.006613338683487695,8.640247344970703
0.02135035530330897,0.0008502232317612879,-0.006613338683487695,8.665087461471558
0.02135035530330897,0.0008502232317612879,-0.006613338683487695,8.68707013130188
0.02135035530330897,0.0008502232317612879,-0.006613338683487695,8.708644151687622
0.02135035530330897,0.0008502232317612879,-0.006613338683487695,8.733178853988647
0.02135035530330897,0.0008502232317612879,-0.006613338683487695,8.75521993637085
0.02136875999399118,0.0010235811817295715,-0.0066183250848518265,8.786431550979614
0.02135035530330897,0.0008502232317612879,-0.006613338683487695,8.816893100738525
0.02135035530330897,0.0008502232317612879,-0.006613338683487695,8.848915338516235
0.02135035530330897,0.0008502232317612879,-0.006613338683487695,8.869909048080444
0.02135035530330897,0.0008502232317612879,-0.006613338683487695,8.91188931465149
0.02136875999399118,0.0010235811817295715,-0.0066183250848518265,8.934974193572998
0.02135035530330897,0.0008502232317612879,-0.006613338683487695,8.957324743270874
0.021057541967364944,0.0008532572957564988,-0.0066293111219384426,8.9879789352417
0.021057541967364944,0.0008532572957564988,-0.0066293111219384426,9.011579036712646
0.02135035530330897,0.0008502232317612879,-0.006613338683487695,9.035034894943237
0.02135035530330897,0.0008502232317612879,-0.006613338683487695,9.061170101165771
0.02135035530330897,0.0008502232317612879,-0.006613338683487695,9.085049867630005
0.02136875999399118,0.0010235811817295715,-0.0066183250848518265,9.108020067214966
0.02135035530330897,0.0008502232317612879,-0.006613338683487695,9.14011263847351
0.02135035530330897,0.0008502232317612879,-0.006613338683487695,9.160691499710083
0.02136875999399118,0.0010235811817295715,-0.0066183250848518265,9.192219257354736
0.02135035530330897,0.0008502232317612879,-0.006613338683487695,9.213888883590698
0.02136875999399118,0.0010235811817295715,-0.0066183250848518265,9.236718893051147
0.02136875999399118,0.0010235811817295715,-0.0066183250848518265,9.263548851013184
0.02135035530330897,0.0008502232317612879,-0.006613338683487695,9.287730693817139
0.02135035530330897,0.0008502232317612879,-0.006613338683487695,9.310136079788208
0.02135035530330897,0.0008502232317612879,-0.006613338683487695,9.334167957305908
0.02135035530330897,0.0008502232317612879,-0.006613338683487695,9.367882251739502
0.02135035530330897,0.0008502232317612879,-0.006613338683487695,9.392983436584473
0.021057541967364944,0.0008532572957564988,-0.0066293111219384426,9.42250943183899
0.02135035530330897,0.0008502232317612879,-0.006613338683487695,9.444608211517334
0.02135035530330897,0.0008502232317612879,-0.006613338683487695,9.47059154510498
0.02135035530330897,0.0008502232317612879,-0.006613338683487695,9.501927137374878
0.02135035530330897,0.0008502232317612879,-0.006613338683487695,9.532456398010254
0.02136875999399118,0.0010235811817295715,-0.0066183250848518265,9.565332174301147
0.02135035530330897,0.0008502232317612879,-0.006613338683487695,9.596690654754639
0.02135035530330897,0.0008502232317612879,-0.006613338683487695,9.618829250335693
0.02135035530330897,0.0008502232317612879,-0.006613338683487695,9.658229351043701
0.02135035530330897,0.0008502232317612879,-0.006613338683487695,9.691043615341187
0.02135035530330897,0.0008502232317612879,-0.006613338683487695,9.71237850189209
0.02135035530330897,0.0008502232317612879,-0.006613338683487695,9.751055002212524
0.02135035530330897,0.0008502232317612879,-0.006613338683487695,9.770059585571289
0.02135035530330897,0.0008502232317612879,-0.006613338683487695,9.814656257629395
0.02135035530330897,0.0008502232317612879,-0.006613338683487695,9.846360206604004
0.02135035530330897,0.0008502232317612879,-0.006613338683487695,9.87727427482605
0.02135035530330897,0.0008502232317612879,-0.006613338683487695,9.899935960769653
0.02135035530330897,0.0008502232317612879,-0.006613338683487695,9.928044319152832
0.02135035530330897,0.0008502232317612879,-0.006613338683487695,9.953241109848022
0.02135035530330897,0.0008502232317612879,-0.006613338683487695,9.9822359085083
0.02135035530330897,0.0008502232317612879,-0.006613338683487695,10.016986608505249
0.02135035530330897,0.0008502232317612879,-0.006613338683487695,10.038267850875854
0.02136875999399118,0.0010235811817295715,-0.0066183250848518265,10.063673496246338
0.02135035530330897,0.0008502232317612879,-0.006613338683487695,10.088118314743042
0.02135035530330897,0.0008502232317612879,-0.006613338683487695,10.11745285987854
0.02135035530330897,0.0008502232317612879,-0.006613338683487695,10.15859580039978
0.021057541967364944,0.0008532572957564988,-0.0066293111219384426,10.196800947189331
0.02135035530330897,0.0008502232317612879,-0.006613338683487695,10.221180438995361
0.02135035530330897,0.0008502232317612879,-0.006613338683487695,10.245576858520508
0.02135035530330897,0.0008502232317612879,-0.006613338683487695,10.27039647102356
0.02135035530330897,0.0008502232317612879,-0.006613338683487695,10.293039798736572
0.02135035530330897,0.0008502232317612879,-0.006613338683487695,10.313965320587158
0.02135035530330897,0.0008502232317612879,-0.006613338683487695,10.336614608764648
0.02136875999399118,0.0010235811817295715,-0.0066183250848518265,10.372632503509521
0.02135035530330897,0.0008502232317612879,-0.006613338683487695,10.395610570907593
0.02136875999399118,0.0010235811817295715,-0.0066183250848518265,10.42636775970459
0.02135035530330897,0.0008502232317612879,-0.006613338683487695,10.448323011398315
0.02135035530330897,0.0008502232317612879,-0.006613338683487695,10.467964887619019
0.02135035530330897,0.0008502232317612879,-0.006613338683487695,10.496809720993042
0.02135035530330897,0.0008502232317612879,-0.006613338683487695,10.51945161819458
0.02135035530330897,0.0008502232317612879,-0.006613338683487695,10.548221588134766
0.02135035530330897,0.0008502232317612879,-0.006613338683487695,10.570255756378174
0.021057541967364944,0.0008532572957564988,-0.0066293111219384426,10.600436687469482
0.02135035530330897,0.0008502232317612879,-0.006613338683487695,10.619324684143066
0.02135035530330897,0.0008502232317612879,-0.006613338683487695,10.644360303878784
0.02135035530330897,0.0008502232317612879,-0.006613338683487695,10.672595739364624
0.02135035530330897,0.0008502232317612879,-0.006613338683487695,10.696247816085815
0.02135035530330897,0.0008502232317612879,-0.006613338683487695,10.721335411071777
0.02135035530330897,0.0008502232317612879,-0.006613338683487695,10.743690490722656
0.02135035530330897,0.0008502232317612879,-0.006613338683487695,10.774113893508911
0.02135035530330897,0.0008502232317612879,-0.006613338683487695,10.797200918197632
0.02135035530330897,0.0008502232317612879,-0.006613338683487695,10.82729697227478
0.021346387942736335,0.000844268422987321,-0.006493050375608636,10.854798555374146
0.021346387942736335,0.000844268422987321,-0.006493050375608636,10.876915216445923
0.02135035530330897,0.0008502232317612879,-0.006613338683487695,10.902237892150879
0.02135035530330897,0.0008502232317612879,-0.006613338683487695,10.927403211593628
0.021346387942736335,0.000844268422987321,-0.006493050375608636,10.959100008010864
0.021053551381578276,0.0008472933657034665,-0.0065088265673987605,10.987462520599365
0.021346387942736335,0.000844268422987321,-0.006493050375608636,11.008880376815796
0.021346387942736335,0.000844268422987321,-0.006493050375608636,11.033641576766968
0.021346387942736335,0.000844268422987321,-0.006493050375608636,11.059257984161377
0.021346387942736335,0.000844268422987321,-0.006493050375608636,11.09044075012207
0.021346387942736335,0.000844268422987321,-0.006493050375608636,11.115502119064331
0.021346387942736335,0.000844268422987321,-0.006493050375608636,11.14823031425476
0.021346387942736335,0.000844268422987321,-0.006493050375608636,11.169023513793945
0.021346387942736335,0.000844268422987321,-0.006493050375608636,11.198298692703247
0.021346387942736335,0.000844268422987321,-0.006493050375608636,11.229626893997192
0.021346387942736335,0.000844268422987321,-0.006493050375608636,11.262726068496704
0.021346387942736335,0.000844268422987321,-0.006493050375608636,11.294095754623413
0.021346387942736335,0.000844268422987321,-0.006493050375608636,11.325098276138306
0.021346387942736335,0.000844268422987321,-0.006493050375608636,11.355848550796509
0.021346387942736335,0.000844268422987321,-0.006493050375608636,11.37957239151001
0.021346387942736335,0.000844268422987321,-0.006493050375608636,11.415403842926025
0.021346387942736335,0.000844268422987321,-0.006493050375608636,11.439316749572754
0.021346387942736335,0.000844268422987321,-0.006493050375608636,11.465740203857422
0.021346387942736335,0.000844268422987321,-0.006493050375608636,11.49647569656372
0.021346387942736335,0.000844268422987321,-0.006493050375608636,11.518402576446533
0.021346387942736335,0.000844268422987321,-0.006493050375608636,11.54020643234253
0.021346387942736335,0.000844268422987321,-0.006493050375608636,11.561798334121704
0.021346387942736335,0.000844268422987321,-0.006493050375608636,11.585695743560791
0.021346387942736335,0.000844268422987321,-0.006493050375608636,11.61839771270752
0.021346387942736335,0.000844268422987321,-0.006493050375608636,11.637325763702393
0.021346387942736335,0.000844268422987321,-0.006493050375608636,11.658479452133179
0.021346387942736335,0.000844268422987321,-0.006493050375608636,11.681941509246826
0.021346387942736335,0.000844268422987321,-0.006493050375608636,11.70772099494934
0.021568632419815013,0.0001545436838819858,-0.0065774975248735785,11.730381965637207
0.025053514569985995,0.00011701599747021563,-0.006477022311559609,11.762280941009521
0.02495094289423278,-0.0007266183983690166,-0.006570953336093343,11.784382581710815
0.025779184473952492,-0.0010666134896794022,-0.006513624885706669,11.807050228118896
0.026337363903878135,-0.0012352533127374388,-0.006477104521212003,11.830345153808594
0.02629700686108777,-0.0014190087441307009,-0.006561873400495686,11.860836744308472
0.02660942377562349,-0.0012499572738504938,-0.0065507197385471245,11.88565468788147
0.026319389409044,-0.001250252368916488,-0.0065666216502892425,11.919099569320679
0.026341769765927107,-0.001081539174142887,-0.006571368494739703,11.941043138504028
0.026069454560602133,-0.0010665768607070747,-0.006497700836951054,11.96439266204834
0.02609160002543696,-0.0008976266289390522,-0.006502393208951131,11.986732244491577
0.02609160002543696,-0.0008976266289390522,-0.006502393208951131,12.010107278823853
0.025779184473952492,-0.0010666134896794022,-0.006513624885706669,12.042675495147705
0.025779184473952492,-0.0010666134896794022,-0.006513624885706669,12.066608905792236
0.025757250881771804,-0.0012358879011643564,-0.0065089095604449875,12.09029483795166
0.025757250881771804,-0.0012358879011643564,-0.0065089095604449875,12.110748052597046
0.025735315261099463,-0.0014052046404473828,-0.006504192869993467,12.135728597640991
0.02546719570902981,-0.00123620753226783,-0.006524811926231942,12.160257577896118
0.02546719570902981,-0.00123620753226783,-0.006524811926231942,12.178613185882568
0.02546719570902981,-0.00123620753226783,-0.006524811926231942,12.20026707649231
0.025779184473952492,-0.0010666134896794022,-0.006513624885706669,12.23264479637146
0.025779184473952492,-0.0010666134896794022,-0.006513624885706669,12.254101276397705
0.025779184473952492,-0.0010666134896794022,-0.006513624885706669,12.27589225769043
0.025801116035328912,-0.0008973814002123381,-0.006518338846106539,12.29859209060669
0.025801116035328912,-0.0008973814002123381,-0.006518338846106539,12.319555759429932
0.025801116035328912,-0.0008973814002123381,-0.006518338846106539,12.341264963150024
0.025801116035328912,-0.0008973814002123381,-0.006518338846106539,12.373120546340942
0.025779184473952492,-0.0010666134896794022,-0.006513624885706669,12.392794370651245
0.025779184473952492,-0.0010666134896794022,-0.006513624885706669,12.415359497070312
0.025779184473952492,-0.0010666134896794022,-0.006513624885706669,12.451249837875366
0.025779184473952492,-0.0010666134896794022,-0.006513624885706669,12.474544048309326
0.025779184473952492,-0.0010666134896794022,-0.006513624885706669,12.503082990646362
0.025779184473952492,-0.0010666134896794022,-0.006513624885706669,12.522919654846191
0.025779184473952492,-0.0010666134896794022,-0.006513624885706669,12.550038814544678
0.025779184473952492,-0.0010666134896794022,-0.006513624885706669,12.57269835472107
0.025779184473952492,-0.0010666134896794022,-0.006513624885706669,12.59603214263916
0.025801116035328912,-0.0008973814002123381,-0.006518338846106539,12.624595880508423
0.025779184473952492,-0.0010666134896794022,-0.006513624885706669,12.65676760673523
0.025779184473952492,-0.0010666134896794022,-0.006513624885706669,12.67870020866394
0.025801116035328912,-0.0008973814002123381,-0.006518338846106539,12.70060110092163
0.025779184473952492,-0.0010666134896794022,-0.006513624885706669,12.724616050720215
0.025779184473952492,-0.0010666134896794022,-0.006513624885706669,12.753518104553223
0.025779184473952492,-0.0010666134896794022,-0.006513624885706669,12.783701658248901
0.025779184473952492,-0.0010666134896794022,-0.006513624885706669,12.810137510299683
0.025779184473952492,-0.0010666134896794022,-0.006513624885706669,12.83182144165039
0.025779184473952492,-0.0010666134896794022,-0.006513624885706669,12.860047101974487
0.025801116035328912,-0.0008973814002123381,-0.006518338846106539,12.884357690811157
0.025801116035328912,-0.0008973814002123381,-0.006518338846106539,12.91235089302063
0.025801116035328912,-0.0008973814002123381,-0.006518338846106539,12.934069633483887
0.025801116035328912,-0.0008973814002123381,-0.006518338846106539,12.955180168151855
0.025801116035328912,-0.0008973814002123381,-0.006518338846106539,12.981074810028076
0.025801116035328912,-0.0008973814002123381,-0.006518338846106539,13.00224256515503
0.025801116035328912,-0.0008973814002123381,-0.006518338846106539,13.030932903289795
0.025801116035328912,-0.0008973814002123381,-0.006518338846106539,13.061469078063965
0.025801116035328912,-0.0008973814002123381,-0.006518338846106539,13.084099531173706
0.025801116035328912,-0.0008973814002123381,-0.006518338846106539,13.124675035476685
0.025801116035328912,-0.0008973814002123381,-0.006518338846106539,13.156484603881836
0.025801116035328912,-0.0008973814002123381,-0.006518338846106539,13.176862955093384
0.025805268938590076,-0.000891421949253346,-0.0066356146177904436,13.21830701828003
0.025805268938590076,-0.000891421949253346,-0.0066356146177904436,13.238993406295776
0.025805268938590076,-0.000891421949253346,-0.0066356146177904436,13.280307054519653
0.025805268938590076,-0.000891421949253346,-0.0066356146177904436,13.302241325378418
0.025805268938590076,-0.000891421949253346,-0.0066356146177904436,13.324940919876099
0.025805268938590076,-0.000891421949253346,-0.0066356146177904436,13.347115516662598
0.025805268938590076,-0.000891421949253346,-0.0066356146177904436,13.368958711624146
0.025805268938590076,-0.000891421949253346,-0.0066356146177904436,13.39261507987976
0.025805268938590076,-0.000891421949253346,-0.0066356146177904436,13.43178129196167
0.025805268938590076,-0.000891421949253346,-0.0066356146177904436,13.457823038101196
0.025805268938590076,-0.000891421949253346,-0.0066356146177904436,13.4829580783844
0.026095728465262244,-0.0008916769551235437,-0.006619474391378841,13.504902124404907
0.026113800062500338,-0.0008770064754274332,-0.00652976198421845,13.532747983932495
0.025805268938590076,-0.000891421949253346,-0.0066356146177904436,13.56075119972229
0.025827169014045356,-0.0007222391377668946,-0.00664031382225116,13.5908522605896
0.025805268938590076,-0.000891421949253346,-0.0066356146177904436,13.61163878440857
0.025805268938590076,-0.000891421949253346,-0.0066356146177904436,13.638631582260132
0.025805268938590076,-0.000891421949253346,-0.0066356146177904436,13.664644718170166
0.026113800062500338,-0.0008770064754274332,-0.00652976198421845,13.687066555023193
0.026404281699599748,-0.0008772430759774186,-0.006513621243714565,13.716036081314087
0.026422347796319984,-0.0008627997406461807,-0.006423889074721424,13.737068176269531
0.026404281699599748,-0.0008772430759774186,-0.006513621243714565,13.76163625717163
0.026422347796319984,-0.0008627997406461807,-0.006423889074721424,13.781394720077515
0.026444637426192602,-0.0006941854050681318,-0.006428395568887682,13.804434537887573
0.026422347796319984,-0.0008627997406461807,-0.006423889074721424,13.832984447479248
0.026422347796319984,-0.0008627997406461807,-0.006423889074721424,13.858186721801758
0.026422347796319984,-0.0008627997406461807,-0.006423889074721424,13.880369901657104
0.026426589673742364,-0.0007086267004749736,-0.006518202390380401,13.905184984207153
0.0264403854315778,-0.0008486036771928052,-0.0063341379693817364,13.93717646598816
0.02646265724686699,-0.0006799915201751439,-0.006338569780589691,13.970537900924683
0.0264403854315778,-0.0008486036771928052,-0.0063341379693817364,14.000516653060913
0.026444637426192602,-0.0006941854050681318,-0.006428395568887682,14.029557228088379
0.026444637426192602,-0.0006941854050681318,-0.006428395568887682,14.0547034740448
0.026444637426192602,-0.0006941854050681318,-0.006428395568887682,14.07801604270935
0.026444637426192602,-0.0006941854050681318,-0.006428395568887682,14.100663185119629
0.026422347796319984,-0.0008627997406461807,-0.006423889074721424,14.117145299911499
0.026422347796319984,-0.0008627997406461807,-0.006423889074721424,14.141538143157959
0.0264403854315778,-0.0008486036771928052,-0.0063341379693817364,14.17302918434143
0.026426589673742364,-0.0007086267004749736,-0.006518202390380401,14.205215454101562
0.026117842336398665,-0.0007227764140970427,-0.006624151855043213,14.236945152282715
0.02580911182145607,-0.0007371350057304438,-0.006730080995547611,14.267788648605347
0.025827169014045356,-0.0007222391377668946,-0.00664031382225116,14.288114309310913
0.025805268938590076,-0.000891421949253346,-0.0066356146177904436,14.314135074615479
0.025823317696647394,-0.000876771467060361,-0.006545902711251049,14.332815647125244
0.026113800062500338,-0.0008770064754274332,-0.00652976198421845,14.354714632034302
0.025827169014045356,-0.0007222391377668946,-0.00664031382225116,14.383832216262817
0.025827169014045356,-0.0007222391377668946,-0.00664031382225116,14.407105684280396
0.025805268938590076,-0.000891421949253346,-0.0066356146177904436,14.433190822601318
0.025805268938590076,-0.000891421949253346,-0.0066356146177904436,14.464284896850586
0.025827169014045356,-0.0007222391377668946,-0.00664031382225116,14.487975120544434
0.025827169014045356,-0.0007222391377668946,-0.00664031382225116,14.509612083435059
0.025827169014045356,-0.0007222391377668946,-0.00664031382225116,14.538530826568604
0.025827169014045356,-0.0007222391377668946,-0.00664031382225116,14.561856269836426
0.025827169014045356,-0.0007222391377668946,-0.00664031382225116,14.589281558990479
0.025827169014045356,-0.0007222391377668946,-0.00664031382225116,14.610750913619995
0.025805268938590076,-0.000891421949253346,-0.0066356146177904436,14.633144855499268
0.025805268938590076,-0.000891421949253346,-0.0066356146177904436,14.662420749664307
0.025805268938590076,-0.000891421949253346,-0.0066356146177904436,14.692949771881104
0.025827169014045356,-0.0007222391377668946,-0.00664031382225116,14.725244760513306
0.025827169014045356,-0.0007222391377668946,-0.00664031382225116,14.759173393249512
0.025805268938590076,-0.000891421949253346,-0.0066356146177904436,14.788793802261353
0.025805268938590076,-0.000891421949253346,-0.0066356146177904436,14.809763193130493
0.026117842336398665,-0.0007227764140970427,-0.006624151855043213,14.83467435836792
0.026117842336398665,-0.0007227764140970427,-0.006624151855043213,14.855756998062134
0.026117842336398665,-0.0007227764140970427,-0.006624151855043213,14.886995553970337
0.026117842336398665,-0.0007227764140970427,-0.006624151855043213,14.912901401519775
0.026117842336398665,-0.0007227764140970427,-0.006624151855043213,14.940246105194092
0.026117842336398665,-0.0007227764140970427,-0.006624151855043213,14.967687129974365
0.026117842336398665,-0.0007227764140970427,-0.006624151855043213,14.98988676071167
0.025831522212865728,-0.000716270458658741,-0.0067575583514234445,15.010410785675049
0.02585794401415094,-0.0005411595347769305,-0.00687945574682129,15.03693151473999
0.025831522212865728,-0.000716270458658741,-0.0067575583514234445,15.062137603759766
0.025827169014045356,-0.0007222391377668946,-0.00664031382225116,15.088705778121948
0.025827169014045356,-0.0007222391377668946,-0.00664031382225116,15.118391752243042
0.025831522212865728,-0.000716270458658741,-0.0067575583514234445,15.14918565750122
0.02585794401415094,-0.0005411595347769305,-0.00687945574682129,15.180099487304688
0.02585794401415094,-0.0005411595347769305,-0.00687945574682129,15.210779190063477
0.02584894887376045,-0.0005438149201670017,-0.0072037773127612715,15.233303308486938
0.02584894887376045,-0.0005438149201670017,-0.0072037773127612715,15.26151967048645
0.025897772372287253,-0.0007952141803039547,-0.008833300666295974,15.282228231430054
0.02556490660604714,-0.0008231520797495895,-0.009033317127936027,15.311490058898926
0.025586016318005333,-0.0009600406502859038,-0.009614137945573307,15.33674430847168
0.025830574484197802,-0.0009891069198764424,-0.009774048555146303,15.355935335159302
0.02554986568991636,-0.0009821570488601217,-0.009911712266144424,15.377681732177734
0.025481727636683438,-0.0010269860408354814,-0.010182387405203426,15.409027576446533
0.02545093488699029,-0.0010493143446302367,-0.010155345551429594,15.4297935962677
0.02545093488699029,-0.0010493143446302367,-0.010155345551429594,15.457362651824951
0.02545093488699029,-0.0010493143446302367,-0.010155345551429594,15.50998044013977
0.025452411159914475,-0.0012031822683361837,-0.010060164640563881,15.541411876678467
0.025473514343233725,-0.0010338214306691573,-0.0100651945416375,15.562321662902832
0.025762921525230673,-0.0010341892147879839,-0.010044625474525353,15.583017826080322
0.025754967684449313,-0.0010409998263572473,-0.009927599262046826,15.604371309280396
0.02551715376850219,-0.0008492576775604166,-0.0099799764622227,15.63834261894226
0.02551715376850219,-0.0008492576775604166,-0.0099799764622227,15.662724256515503
0.02551715376850219,-0.0008492576775604166,-0.0099799764622227,15.683464050292969
0.025496067557817262,-0.0010185739115411985,-0.009975022999728774,15.705392122268677
0.02580805019873629,-0.0010038887302853405,-0.009864260857452128,15.728854656219482
0.02580805019873629,-0.0010038887302853405,-0.009864260857452128,15.752923250198364
0.025786763399783814,-0.0011729603574094083,-0.009859406779448078,15.777421951293945
0.025756023710614633,-0.001194755090849292,-0.009832518889969897,15.80839204788208
0.025764196648143146,-0.0011879920571509772,-0.009949524332252867,15.840834617614746
0.025756023710614633,-0.001194755090849292,-0.009832518889969897,15.860871076583862
0.025777359551974362,-0.001025668104004479,-0.009837460280146227,15.883612155914307
0.025756023710614633,-0.001194755090849292,-0.009832518889969897,15.905463933944702
0.025764196648143146,-0.0011879920571509772,-0.009949524332252867,15.940194606781006
0.02546677600710786,-0.00119470251818532,-0.009852869733813002,15.973519325256348
0.025496067557817262,-0.0010185739115411985,-0.009975022999728774,15.996583938598633
0.025496067557817262,-0.0010185739115411985,-0.009975022999728774,16.025368690490723
0.025518594446560385,-0.0010035719318915726,-0.009884831247213054,16.0528621673584
0.025518594446560385,-0.0010035719318915726,-0.009884831247213054,16.079943656921387
0.025518594446560385,-0.0010035719318915726,-0.009884831247213054,16.103968620300293
0.025518594446560385,-0.0010035719318915726,-0.009884831247213054,16.128418922424316
0.025518594446560385,-0.0010035719318915726,-0.009884831247213054,16.149598836898804
0.02550446663005962,-0.0010117974757907766,-0.01009218239367394,16.175641536712646
0.025496067557817262,-0.0010185739115411985,-0.009975022999728774,16.1994731426239
0.025496067557817262,-0.0010185739115411985,-0.009975022999728774,16.230263233184814
0.025496067557817262,-0.0010185739115411985,-0.009975022999728774,16.252429485321045
0.02578549918433326,-0.001018916209616083,-0.009954453271177907,16.277628660202026
0.02578549918433326,-0.001018916209616083,-0.009954453271177907,16.30134153366089
0.02578549918433326,-0.001018916209616083,-0.009954453271177907,16.330015659332275
0.025756023710614633,-0.001194755090849292,-0.009832518889969897,16.35651397705078
0.02546677600710786,-0.00119470251818532,-0.009852869733813002,16.37532687187195
0.025756023710614633,-0.001194755090849292,-0.009832518889969897,16.39812994003296
0.025778404908003146,-0.0011796648396982246,-0.009742434480416015,16.421043395996094
0.025756023710614633,-0.001194755090849292,-0.009832518889969897,16.450629234313965
0.025489132932710303,-0.001179637588278326,-0.00976278611484705,16.48431897163391
0.025489132932710303,-0.001179637588278326,-0.00976278611484705,16.51273250579834
0.025778404908003146,-0.0011796648396982246,-0.009742434480416015,16.534891366958618
0.025778404908003146,-0.0011796648396982246,-0.009742434480416015,16.564658164978027
0.025778404908003146,-0.0011796648396982246,-0.009742434480416015,16.58568239212036
0.025489132932710303,-0.001179637588278326,-0.00976278611484705,16.60907745361328
0.025510237340635046,-0.0010102736381105981,-0.009767678385666166,16.639070749282837
0.025778404908003146,-0.0011796648396982246,-0.009742434480416015,16.668711185455322
0.025778404908003146,-0.0011796648396982246,-0.009742434480416015,16.700000286102295
0.025778404908003146,-0.0011796648396982246,-0.009742434480416015,16.732726573944092
0.025778404908003146,-0.0011796648396982246,-0.009742434480416015,16.76436138153076
0.025778404908003146,-0.0011796648396982246,-0.009742434480416015,16.78704595565796
0.025778404908003146,-0.0011796648396982246,-0.009742434480416015,16.81550168991089
0.025489132932710303,-0.001179637588278326,-0.00976278611484705,16.83751630783081
0.025489132932710303,-0.001179637588278326,-0.00976278611484705,16.860954761505127
0.025778404908003146,-0.0011796648396982246,-0.009742434480416015,16.883349895477295
0.025489132932710303,-0.001179637588278326,-0.00976278611484705,16.913116216659546
0.025778404908003146,-0.0011796648396982246,-0.009742434480416015,16.93872594833374
0.025778404908003146,-0.0011796648396982246,-0.009742434480416015,16.9606831073761
0.025778404908003146,-0.0011796648396982246,-0.009742434480416015,16.98531222343445
0.025778404908003146,-0.0011796648396982246,-0.009742434480416015,17.013632774353027
0.025489132932710303,-0.001179637588278326,-0.00976278611484705,17.047588109970093
0.025778404908003146,-0.0011796648396982246,-0.009742434480416015,17.068198680877686
0.025778404908003146,-0.0011796648396982246,-0.009742434480416015,17.085428714752197
0.025778404908003146,-0.0011796648396982246,-0.009742434480416015,17.1083767414093
0.025778404908003146,-0.0011796648396982246,-0.009742434480416015,17.133204460144043
0.025489132932710303,-0.001179637588278326,-0.00976278611484705,17.1577250957489
0.025489132932710303,-0.001179637588278326,-0.00976278611484705,17.179054021835327
0.025489132932710303,-0.001179637588278326,-0.00976278611484705,17.205974578857422
0.025778404908003146,-0.0011796648396982246,-0.009742434480416015,17.22669744491577
0.025778404908003146,-0.0011796648396982246,-0.009742434480416015,17.268677234649658
0.025489132932710303,-0.001179637588278326,-0.00976278611484705,17.29949951171875
0.025489132932710303,-0.001179637588278326,-0.00976278611484705,17.323041200637817
0.025778404908003146,-0.0011796648396982246,-0.009742434480416015,17.344910860061646
0.025489132932710303,-0.001179637588278326,-0.00976278611484705,17.36798882484436
0.025778404908003146,-0.0011796648396982246,-0.009742434480416015,17.390647411346436
0.025778404908003146,-0.0011796648396982246,-0.009742434480416015,17.412227630615234
0.025489132932710303,-0.001179637588278326,-0.00976278611484705,17.43136501312256
0.025489132932710303,-0.001179637588278326,-0.00976278611484705,17.470852851867676
0.025778404908003146,-0.0011796648396982246,-0.009742434480416015,17.492046356201172
0.025778404908003146,-0.0011796648396982246,-0.009742434480416015,17.522685050964355
0.025778404908003146,-0.0011796648396982246,-0.009742434480416015,17.546273946762085
0.025489132932710303,-0.001179637588278326,-0.00976278611484705,17.56732940673828
0.025778404908003146,-0.0011796648396982246,-0.009742434480416015,17.593578338623047
0.025756023710614633,-0.001194755090849292,-0.009832518889969897,17.615909099578857
0.025756023710614633,-0.001194755090849292,-0.009832518889969897,17.644512176513672
0.025778404908003146,-0.0011796648396982246,-0.009742434480416015,17.674784421920776
0.025489132932710303,-0.001179637588278326,-0.00976278611484705,17.698891401290894
0.025778404908003146,-0.0011796648396982246,-0.009742434480416015,17.728156328201294
0.025778404908003146,-0.0011796648396982246,-0.009742434480416015,17.755737781524658
0.025778404908003146,-0.0011796648396982246,-0.009742434480416015,17.783696174621582
0.025778404908003146,-0.0011796648396982246,-0.009742434480416015,17.803433656692505
0.025778404908003146,-0.0011796648396982246,-0.009742434480416015,17.83746361732483
0.025778404908003146,-0.0011796648396982246,-0.009742434480416015,17.86561870574951
0.025778404908003146,-0.0011796648396982246,-0.009742434480416015,17.8923499584198
0.025778404908003146,-0.0011796648396982246,-0.009742434480416015,17.915119886398315
0.025778404908003146,-0.0011796648396982246,-0.009742434480416015,17.938724994659424
0.025778404908003146,-0.0011796648396982246,-0.009742434480416015,17.970627307891846
0.025489132932710303,-0.001179637588278326,-0.00976278611484705,18.00091242790222
0.025778404908003146,-0.0011796648396982246,-0.009742434480416015,18.020560026168823
0.025778404908003146,-0.0011796648396982246,-0.009742434480416015,18.04451298713684
0.025778404908003146,-0.0011796648396982246,-0.009742434480416015,18.06904172897339
0.025778404908003146,-0.0011796648396982246,-0.009742434480416015,18.094576835632324
0.025756023710614633,-0.001194755090849292,-0.009832518889969897,18.122982263565063
0.025489132932710303,-0.001179637588278326,-0.00976278611484705,18.150035619735718
0.025778404908003146,-0.0011796648396982246,-0.009742434480416015,18.173627614974976
0.025778404908003146,-0.0011796648396982246,-0.009742434480416015,18.204873085021973
0.025756023710614633,-0.001194755090849292,-0.009832518889969897,18.226596355438232
0.025778404908003146,-0.0011796648396982246,-0.009742434480416015,18.25161385536194
0.025510237340635046,-0.0010102736381105981,-0.009767678385666166,18.2702534198761
0.025489132932710303,-0.001179637588278326,-0.00976278611484705,18.30247163772583
0.025489132932710303,-0.001179637588278326,-0.00976278611484705,18.32437777519226
0.025489132932710303,-0.001179637588278326,-0.00976278611484705,18.352888822555542
0.025489132932710303,-0.001179637588278326,-0.00976278611484705,18.37397599220276
0.025778404908003146,-0.0011796648396982246,-0.009742434480416015,18.394064903259277
0.025756023710614633,-0.001194755090849292,-0.009832518889969897,18.416178226470947
0.025489132932710303,-0.001179637588278326,-0.00976278611484705,18.441216945648193
0.02546677600710786,-0.00119470251818532,-0.009852869733813002,18.46225070953369
0.02546677600710786,-0.00119470251818532,-0.009852869733813002,18.484171390533447
0.025778404908003146,-0.0011796648396982246,-0.009742434480416015,18.515154600143433
0.025756023710614633,-0.001194755090849292,-0.009832518889969897,18.538356065750122
0.025778404908003146,-0.0011796648396982246,-0.009742434480416015,18.567703247070312
0.025778404908003146,-0.0011796648396982246,-0.009742434480416015,18.614126682281494
0.025778404908003146,-0.0011796648396982246,-0.009742434480416015,18.635555267333984
0.025778404908003146,-0.0011796648396982246,-0.009742434480416015,18.660255908966064
0.025778404908003146,-0.0011796648396982246,-0.009742434480416015,18.68198037147522
0.025778404908003146,-0.0011796648396982246,-0.009742434480416015,18.70270872116089
0.02546677600710786,-0.00119470251818532,-0.009852869733813002,18.734683513641357
0.025778404908003146,-0.0011796648396982246,-0.009742434480416015,18.75657367706299
0.025778404908003146,-0.0011796648396982246,-0.009742434480416015,18.780237436294556
0.025778404908003146,-0.0011796648396982246,-0.009742434480416015,18.802162408828735
0.025778404908003146,-0.0011796648396982246,-0.009742434480416015,18.825225591659546
0.025489132932710303,-0.001179637588278326,-0.00976278611484705,18.85846972465515
0.025489132932710303,-0.001179637588278326,-0.00976278611484705,18.880430221557617
0.025778404908003146,-0.0011796648396982246,-0.009742434480416015,18.914881706237793
0.025489132932710303,-0.001179637588278326,-0.00976278611484705,18.94028067588806
0.025489132932710303,-0.001179637588278326,-0.00976278611484705,18.975460529327393
0.025756023710614633,-0.001194755090849292,-0.009832518889969897,18.992943286895752
0.025756023710614633,-0.001194755090849292,-0.009832518889969897,19.016358137130737
0.025778404908003146,-0.0011796648396982246,-0.009742434480416015,19.03804326057434
0.025778404908003146,-0.0011796648396982246,-0.009742434480416015,19.063546419143677
0.025778404908003146,-0.0011796648396982246,-0.009742434480416015,19.090760231018066
0.025778404908003146,-0.0011796648396982246,-0.009742434480416015,19.116934776306152
0.025778404908003146,-0.0011796648396982246,-0.009742434480416015,19.149073839187622
0.02546677600710786,-0.00119470251818532,-0.009852869733813002,19.16813635826111
0.025778404908003146,-0.0011796648396982246,-0.009742434480416015,19.194213390350342
0.025778404908003146,-0.0011796648396982246,-0.009742434480416015,19.222364902496338
0.025778404908003146,-0.0011796648396982246,-0.009742434480416015,19.25786280632019
0.025778404908003146,-0.0011796648396982246,-0.009742434480416015,19.278630256652832
0.025778404908003146,-0.0011796648396982246,-0.009742434480416015,19.30764937400818
0.025778404908003146,-0.0011796648396982246,-0.009742434480416015,19.33304452896118
0.025778404908003146,-0.0011796648396982246,-0.009742434480416015,19.36136507987976
0.025489132932710303,-0.001179637588278326,-0.00976278611484705,19.392125368118286
0.025489132932710303,-0.001179637588278326,-0.00976278611484705,19.416264057159424
0.025778404908003146,-0.0011796648396982246,-0.009742434480416015,19.438713550567627
0.025756023710614633,-0.001194755090849292,-0.009832518889969897,19.46201491355896
0.025778404908003146,-0.0011796648396982246,-0.009742434480416015,19.48310422897339
0.025778404908003146,-0.0011796648396982246,-0.009742434480416015,19.523345708847046
0.0254878963334334,-0.0010253345546760995,-0.00985783698666993,19.542035341262817
0.025756023710614633,-0.001194755090849292,-0.009832518889969897,19.56767988204956
0.025756023710614633,-0.001194755090849292,-0.009832518889969897,19.59090304374695
0.025778404908003146,-0.0011796648396982246,-0.009742434480416015,19.61013150215149
0.025489132932710303,-0.001179637588278326,-0.00976278611484705,19.639784574508667
0.025778404908003146,-0.0011796648396982246,-0.009742434480416015,19.670861959457397
0.025778404908003146,-0.0011796648396982246,-0.009742434480416015,19.695831775665283
0.025778404908003146,-0.0011796648396982246,-0.009742434480416015,19.718198537826538
0.025778404908003146,-0.0011796648396982246,-0.009742434480416015,19.744983911514282
0.025778404908003146,-0.0011796648396982246,-0.009742434480416015,19.779420137405396
0.025756023710614633,-0.001194755090849292,-0.009832518889969897,19.799962282180786
0.025489132932710303,-0.001179637588278326,-0.00976278611484705,19.82355785369873
0.025778404908003146,-0.0011796648396982246,-0.009742434480416015,19.844295263290405
0.025756023710614633,-0.001194755090849292,-0.009832518889969897,19.885915517807007
0.025778404908003146,-0.0011796648396982246,-0.009742434480416015,19.906815767288208
0.025778404908003146,-0.0011796648396982246,-0.009742434480416015,19.927658081054688
0.025778404908003146,-0.0011796648396982246,-0.009742434480416015,19.950104475021362
0.025489132932710303,-0.001179637588278326,-0.00976278611484705,19.970471620559692
0.025778404908003146,-0.0011796648396982246,-0.009742434480416015,19.99703574180603
0.025778404908003146,-0.0011796648396982246,-0.009742434480416015,20.01923656463623
0.025778404908003146,-0.0011796648396982246,-0.009742434480416015,20.04201865196228
0.025778404908003146,-0.0011796648396982246,-0.009742434480416015,20.0660457611084
0.025778404908003146,-0.0011796648396982246,-0.009742434480416015,20.08985662460327
0.025778404908003146,-0.0011796648396982246,-0.009742434480416015,20.12548279762268
0.025489132932710303,-0.001179637588278326,-0.00976278611484705,20.149532079696655
0.025778404908003146,-0.0011796648396982246,-0.009742434480416015,20.174166202545166
0.025489132932710303,-0.001179637588278326,-0.00976278611484705,20.2024188041687
0.025489132932710303,-0.001179637588278326,-0.00976278611484705,20.234667778015137
0.025778404908003146,-0.0011796648396982246,-0.009742434480416015,20.252129554748535
0.025778404908003146,-0.0011796648396982246,-0.009742434480416015,20.278835773468018
0.025778404908003146,-0.0011796648396982246,-0.009742434480416015,20.304479598999023
0.025778404908003146,-0.0011796648396982246,-0.009742434480416015,20.326693058013916
0.025489132932710303,-0.001179637588278326,-0.00976278611484705,20.36611270904541
0.025778404908003146,-0.0011796648396982246,-0.009742434480416015,20.389238595962524
0.02579972472941882,-0.0010105819267167693,-0.009747301019336968,20.410879135131836
0.02579972472941882,-0.0010105819267167693,-0.009747301019336968,20.4361834526062
0.025778404908003146,-0.0011796648396982246,-0.009742434480416015,20.46299433708191
0.025778404908003146,-0.0011796648396982246,-0.009742434480416015,20.485016584396362
0.025778404908003146,-0.0011796648396982246,-0.009742434480416015,20.511090755462646
0.025778404908003146,-0.0011796648396982246,-0.009742434480416015,20.538142919540405
0.025489132932710303,-0.001179637588278326,-0.00976278611484705,20.56827712059021
0.025778404908003146,-0.0011796648396982246,-0.009742434480416015,20.597941637039185
0.02579972472941882,-0.0010105819267167693,-0.009747301019336968,20.62988829612732
0.02579972472941882,-0.0010105819267167693,-0.009747301019336968,20.64997363090515
0.025778404908003146,-0.0011796648396982246,-0.009742434480416015,20.67249822616577
0.025756023710614633,-0.001194755090849292,-0.009832518889969897,20.69612693786621
0.025778404908003146,-0.0011796648396982246,-0.009742434480416015,20.725221872329712
0.025778404908003146,-0.0011796648396982246,-0.009742434480416015,20.752706050872803
0.025778404908003146,-0.0011796648396982246,-0.009742434480416015,20.772637128829956
0.025778404908003146,-0.0011796648396982246,-0.009742434480416015,20.802921772003174
0.025778404908003146,-0.0011796648396982246,-0.009742434480416015,20.826153993606567
0.025778404908003146,-0.0011796648396982246,-0.009742434480416015,20.85277485847473
0.025778404908003146,-0.0011796648396982246,-0.009742434480416015,20.875557899475098
0.025778404908003146,-0.0011796648396982246,-0.009742434480416015,20.897581100463867
0.025489132932710303,-0.001179637588278326,-0.00976278611484705,20.928290843963623
0.025778404908003146,-0.0011796648396982246,-0.009742434480416015,20.949700117111206
0.025489132932710303,-0.001179637588278326,-0.00976278611484705,20.97886562347412
0.025489132932710303,-0.001179637588278326,-0.00976278611484705,21.00057315826416
0.025778404908003146,-0.0011796648396982246,-0.009742434480416015,21.030274152755737
0.025778404908003146,-0.0011796648396982246,-0.009742434480416015,21.059802293777466
0.025778404908003146,-0.0011796648396982246,-0.009742434480416015,21.08453059196472
0.025778404908003146,-0.0011796648396982246,-0.009742434480416015,21.109835624694824
0.025778404908003146,-0.0011796648396982246,-0.009742434480416015,21.138016939163208
0.025778404908003146,-0.0011796648396982246,-0.009742434480416015,21.16318917274475
0.025778404908003146,-0.0011796648396982246,-0.009742434480416015,21.19141983985901
0.025778404908003146,-0.0011796648396982246,-0.009742434480416015,21.21966004371643
0.025778404908003146,-0.0011796648396982246,-0.009742434480416015,21.241961002349854
0.025778404908003146,-0.0011796648396982246,-0.009742434480416015,21.271246433258057
0.025489132932710303,-0.001179637588278326,-0.00976278611484705,21.293703079223633
0.025489132932710303,-0.001179637588278326,-0.00976278611484705,21.320995807647705
0.025510237340635046,-0.0010102736381105981,-0.009767678385666166,21.34519100189209
0.025489132932710303,-0.001179637588278326,-0.00976278611484705,21.372777462005615
0.025756023710614633,-0.001194755090849292,-0.009832518889969897,21.404420137405396
0.025778404908003146,-0.0011796648396982246,-0.009742434480416015,21.431188583374023
0.025778404908003146,-0.0011796648396982246,-0.009742434480416015,21.465404272079468
0.025778404908003146,-0.0011796648396982246,-0.009742434480416015,21.492525339126587
0.025778404908003146,-0.0011796648396982246,-0.009742434480416015,21.529379844665527
0.025778404908003146,-0.0011796648396982246,-0.009742434480416015,21.549440145492554
0.025778404908003146,-0.0011796648396982246,-0.009742434480416015,21.57203769683838
0.02579972472941882,-0.0010105819267167693,-0.009747301019336968,21.604984521865845
0.0254878963334334,-0.0010253345546760995,-0.00985783698666993,21.62559938430786
0.025756023710614633,-0.001194755090849292,-0.009832518889969897,21.652576446533203
0.025756023710614633,-0.001194755090849292,-0.009832518889969897,21.68413281440735
0.025489132932710303,-0.001179637588278326,-0.00976278611484705,21.715105772018433
0.025778404908003146,-0.0011796648396982246,-0.009742434480416015,21.747304439544678
0.02546677600710786,-0.00119470251818532,-0.009852869733813002,21.78137445449829
0.025778404908003146,-0.0011796648396982246,-0.009742434480416015,21.810700178146362
0.025778404908003146,-0.0011796648396982246,-0.009742434480416015,21.831218481063843
0.025489132932710303,-0.001179637588278326,-0.00976278611484705,21.858004093170166
0.025778404908003146,-0.0011796648396982246,-0.009742434480416015,21.88196063041687
0.025778404908003146,-0.0011796648396982246,-0.009742434480416015,21.90452766418457
0.025778404908003146,-0.0011796648396982246,-0.009742434480416015,21.93583583831787
0.025778404908003146,-0.0011796648396982246,-0.009742434480416015,21.956258058547974
0.02579972472941882,-0.0010105819267167693,-0.009747301019336968,21.977100610733032
0.025489132932710303,-0.001179637588278326,-0.00976278611484705,21.9983868598938
0.025489132932710303,-0.001179637588278326,-0.00976278611484705,22.02723264694214
0.025778404908003146,-0.0011796648396982246,-0.009742434480416015,22.05022406578064
0.025778404908003146,-0.0011796648396982246,-0.009742434480416015,22.074556589126587
0.025778404908003146,-0.0011796648396982246,-0.009742434480416015,22.097434043884277
0.025489132932710303,-0.001179637588278326,-0.00976278611484705,22.124415397644043
0.025778404908003146,-0.0011796648396982246,-0.009742434480416015,22.145901441574097
0.025778404908003146,-0.0011796648396982246,-0.009742434480416015,22.17784285545349
0.025489132932710303,-0.001179637588278326,-0.00976278611484705,22.201380014419556
0.025777359551974362,-0.001025668104004479,-0.009837460280146227,22.22420072555542
0.025756023710614633,-0.001194755090849292,-0.009832518889969897,22.25655221939087
0.025778404908003146,-0.0011796648396982246,-0.009742434480416015,22.280391216278076
0.025778404908003146,-0.0011796648396982246,-0.009742434480416015,22.301257610321045
0.025510237340635046,-0.0010102736381105981,-0.009767678385666166,22.328622102737427
0.025778404908003146,-0.0011796648396982246,-0.009742434480416015,22.34853506088257
0.025756023710614633,-0.001194755090849292,-0.009832518889969897,22.381492137908936
0.025489132932710303,-0.001179637588278326,-0.00976278611484705,22.407254457473755
0.025778404908003146,-0.0011796648396982246,-0.009742434480416015,22.43166732788086
0.025489132932710303,-0.001179637588278326,-0.00976278611484705,22.460211992263794
0.025778404908003146,-0.0011796648396982246,-0.009742434480416015,22.490335702896118
0.025778404908003146,-0.0011796648396982246,-0.009742434480416015,22.510871648788452
0.025489132932710303,-0.001179637588278326,-0.00976278611484705,22.55306386947632
0.025489132932710303,-0.001179637588278326,-0.00976278611484705,22.574942111968994
0.025489132932710303,-0.001179637588278326,-0.00976278611484705,22.604628086090088
0.02546677600710786,-0.00119470251818532,-0.009852869733813002,22.63396167755127
0.025489132932710303,-0.001179637588278326,-0.00976278611484705,22.653072357177734
0.025489132932710303,-0.001179637588278326,-0.00976278611484705,22.67810869216919
0.025489132932710303,-0.001179637588278326,-0.00976278611484705,22.713208436965942
0.02579972472941882,-0.0010105819267167693,-0.009747301019336968,22.736759185791016
0.025489132932710303,-0.001179637588278326,-0.00976278611484705,22.759974241256714
0.025778404908003146,-0.0011796648396982246,-0.009742434480416015,22.788092613220215
0.025756023710614633,-0.001194755090849292,-0.009832518889969897,22.810373067855835
0.025778404908003146,-0.0011796648396982246,-0.009742434480416015,22.833203315734863
0.02546677600710786,-0.00119470251818532,-0.009852869733813002,22.857479333877563
0.02546677600710786,-0.00119470251818532,-0.009852869733813002,22.878012657165527
0.025778404908003146,-0.0011796648396982246,-0.009742434480416015,22.90897560119629
0.025778404908003146,-0.0011796648396982246,-0.009742434480416015,22.929693698883057
0.025778404908003146,-0.0011796648396982246,-0.009742434480416015,22.954814910888672
0.025778404908003146,-0.0011796648396982246,-0.009742434480416015,22.97931694984436
0.025489132932710303,-0.001179637588278326,-0.00976278611484705,22.999313354492188
0.025778404908003146,-0.0011796648396982246,-0.009742434480416015,23.022618770599365
0.02579972472941882,-0.0010105819267167693,-0.009747301019336968,23.04653286933899
0.02579972472941882,-0.0010105819267167693,-0.009747301019336968,23.07876968383789
0.025489132932710303,-0.001179637588278326,-0.00976278611484705,23.10570192337036
0.025778404908003146,-0.0011796648396982246,-0.009742434480416015,23.13925814628601
0.025778404908003146,-0.0011796648396982246,-0.009742434480416015,23.15991449356079
0.025778404908003146,-0.0011796648396982246,-0.009742434480416015,23.185601711273193
0.02546677600710786,-0.00119470251818532,-0.009852869733813002,23.222394943237305
0.025489132932710303,-0.001179637588278326,-0.00976278611484705,23.254992485046387
0.025778404908003146,-0.0011796648396982246,-0.009742434480416015,23.28286623954773
0.025778404908003146,-0.0011796648396982246,-0.009742434480416015,23.303389310836792
0.025778404908003146,-0.0011796648396982246,-0.009742434480416015,23.325348377227783
0.025489132932710303,-0.001179637588278326,-0.00976278611484705,23.346282958984375
0.025756023710614633,-0.001194755090849292,-0.009832518889969897,23.377464532852173
0.025489132932710303,-0.001179637588278326,-0.00976278611484705,23.41024947166443
0.025778404908003146,-0.0011796648396982246,-0.009742434480416015,23.44038152694702
0.025489132932710303,-0.001179637588278326,-0.00976278611484705,23.459654808044434
0.025489132932710303,-0.001179637588278326,-0.00976278611484705,23.50176167488098
0.025778404908003146,-0.0011796648396982246,-0.009742434480416015,23.52132248878479
0.02579972472941882,-0.0010105819267167693,-0.009747301019336968,23.561735153198242
0.025489132932710303,-0.001179637588278326,-0.00976278611484705,23.583672046661377
0.025778404908003146,-0.0011796648396982246,-0.009742434480416015,23.627333164215088
0.025778404908003146,-0.0011796648396982246,-0.009742434480416015,23.648648977279663
0.025778404908003146,-0.0011796648396982246,-0.009742434480416015,23.669992685317993
0.025778404908003146,-0.0011796648396982246,-0.009742434480416015,23.69004797935486
0.025489132932710303,-0.001179637588278326,-0.00976278611484705,23.71347451210022
0.025489132932710303,-0.001179637588278326,-0.00976278611484705,23.740217924118042
0.02579972472941882,-0.0010105819267167693,-0.009747301019336968,23.769932746887207
0.025778404908003146,-0.0011796648396982246,-0.009742434480416015,23.7972354888916
0.025489132932710303,-0.001179637588278326,-0.00976278611484705,23.82125234603882
0.025489132932710303,-0.001179637588278326,-0.00976278611484705,23.848252773284912
0.025778404908003146,-0.0011796648396982246,-0.009742434480416015,23.880277633666992
0.025778404908003146,-0.0011796648396982246,-0.009742434480416015,23.911752223968506
0.025778404908003146,-0.0011796648396982246,-0.009742434480416015,23.948516607284546
0.02579972472941882,-0.0010105819267167693,-0.009747301019336968,23.970349311828613
0.02579972472941882,-0.0010105819267167693,-0.009747301019336968,23.99241280555725
0.025489132932710303,-0.001179637588278326,-0.00976278611484705,24.022801637649536
0.025489132932710303,-0.001179637588278326,-0.00976278611484705,24.05139923095703
0.025489132932710303,-0.001179637588278326,-0.00976278611484705,24.08370041847229
0.025778404908003146,-0.0011796648396982246,-0.009742434480416015,24.104506731033325
0.025778404908003146,-0.0011796648396982246,-0.009742434480416015,24.12772011756897
0.025778404908003146,-0.0011796648396982246,-0.009742434480416015,24.15292739868164
0.025489132932710303,-0.001179637588278326,-0.00976278611484705,24.178306341171265
0.025489132932710303,-0.001179637588278326,-0.00976278611484705,24.199875116348267
0.025778404908003146,-0.0011796648396982246,-0.009742434480416015,24.227317571640015
0.02546677600710786,-0.00119470251818532,-0.009852869733813002,24.250082969665527
0.025778404908003146,-0.0011796648396982246,-0.009742434480416015,24.277448415756226
0.025756023710614633,-0.001194755090849292,-0.009832518889969897,24.30144739151001
0.025489132932710303,-0.001179637588278326,-0.00976278611484705,24.324323177337646
0.025489132932710303,-0.001179637588278326,-0.00976278611484705,24.347809076309204
0.025778404908003146,-0.0011796648396982246,-0.009742434480416015,24.370994806289673
0.025778404908003146,-0.0011796648396982246,-0.009742434480416015,24.390685319900513
0.025778404908003146,-0.0011796648396982246,-0.009742434480416015,24.4303081035614
0.025778404908003146,-0.0011796648396982246,-0.009742434480416015,24.45106601715088
0.025778404908003146,-0.0011796648396982246,-0.009742434480416015,24.474661827087402
0.02579972472941882,-0.0010105819267167693,-0.009747301019336968,24.499338626861572
0.02546677600710786,-0.00119470251818532,-0.009852869733813002,24.51653528213501
0.025778404908003146,-0.0011796648396982246,-0.009742434480416015,24.54086685180664
0.025778404908003146,-0.0011796648396982246,-0.009742434480416015,24.57501220703125
0.025489132932710303,-0.001179637588278326,-0.00976278611484705,24.598234176635742
0.025489132932710303,-0.001179637588278326,-0.00976278611484705,24.628535985946655
0.025778404908003146,-0.0011796648396982246,-0.009742434480416015,24.65544033050537
0.025489132932710303,-0.001179637588278326,-0.00976278611484705,24.678555965423584
0.025489132932710303,-0.001179637588278326,-0.00976278611484705,24.700827836990356
0.025778404908003146,-0.0011796648396982246,-0.009742434480416015,24.72442317008972
0.025778404908003146,-0.0011796648396982246,-0.009742434480416015,24.745172023773193
0.025778404908003146,-0.0011796648396982246,-0.009742434480416015,24.767735719680786
0.025756023710614633,-0.001194755090849292,-0.009832518889969897,24.78946280479431
0.02579972472941882,-0.0010105819267167693,-0.009747301019336968,24.81907820701599
0.025778404908003146,-0.0011796648396982246,-0.009742434480416015,24.848453521728516
0.025778404908003146,-0.0011796648396982246,-0.009742434480416015,24.868647813796997
0.025778404908003146,-0.0011796648396982246,-0.009742434480416015,24.900030374526978
0.025778404908003146,-0.0011796648396982246,-0.009742434480416015,24.929850101470947
0.025778404908003146,-0.0011796648396982246,-0.009742434480416015,24.952340126037598
0.025778404908003146,-0.0011796648396982246,-0.009742434480416015,24.972599267959595
0.025489132932710303,-0.001179637588278326,-0.00976278611484705,25.002801418304443
0.025489132932710303,-0.001179637588278326,-0.00976278611484705,25.023411512374878
0.025489132932710303,-0.001179637588278326,-0.00976278611484705,25.047311782836914
0.02579972472941882,-0.0010105819267167693,-0.009747301019336968,25.07473587989807
0.02546677600710786,-0.00119470251818532,-0.009852869733813002,25.096657514572144
0.025778404908003146,-0.0011796648396982246,-0.009742434480416015,25.12511134147644
0.025778404908003146,-0.0011796648396982246,-0.009742434480416015,25.15140390396118
0.025778404908003146,-0.0011796648396982246,-0.009742434480416015,25.177258014678955
0.025778404908003146,-0.0011796648396982246,-0.009742434480416015,25.203426837921143
0.025778404908003146,-0.0011796648396982246,-0.009742434480416015,25.23161029815674
0.025489132932710303,-0.001179637588278326,-0.00976278611484705,25.260190725326538
0.02546677600710786,-0.00119470251818532,-0.009852869733813002,25.292718648910522
0.025778404908003146,-0.0011796648396982246,-0.009742434480416015,25.32366967201233
0.025778404908003146,-0.0011796648396982246,-0.009742434480416015,25.35618281364441
0.025778404908003146,-0.0011796648396982246,-0.009742434480416015,25.388293027877808
0.025778404908003146,-0.0011796648396982246,-0.009742434480416015,25.41080617904663
0.025778404908003146,-0.0011796648396982246,-0.009742434480416015,25.434249877929688
0.025778404908003146,-0.0011796648396982246,-0.009742434480416015,25.455435752868652
0.025489132932710303,-0.001179637588278326,-0.00976278611484705,25.48073434829712
0.02579972472941882,-0.0010105819267167693,-0.009747301019336968,25.50264573097229
0.025778404908003146,-0.0011796648396982246,-0.009742434480416015,25.530033826828003
0.025778404908003146,-0.0011796648396982246,-0.009742434480416015,25.54819917678833
0.025778404908003146,-0.0011796648396982246,-0.009742434480416015,25.575735807418823
0.025778404908003146,-0.0011796648396982246,-0.009742434480416015,25.604047298431396
0.025778404908003146,-0.0011796648396982246,-0.009742434480416015,25.625192403793335
0.025489132932710303,-0.001179637588278326,-0.00976278611484705,25.64981722831726
0.025778404908003146,-0.0011796648396982246,-0.009742434480416015,25.67429208755493
0.025778404908003146,-0.0011796648396982246,-0.009742434480416015,25.699442863464355
0.025489132932710303,-0.001179637588278326,-0.00976278611484705,25.727781057357788
0.025489132932710303,-0.001179637588278326,-0.00976278611484705,25.74946641921997
0.025489132932710303,-0.001179637588278326,-0.00976278611484705,25.780413389205933
0.025756023710614633,-0.001194755090849292,-0.009832518889969897,25.80603790283203
0.025489132932710303,-0.001179637588278326,-0.00976278611484705,25.830073595046997
0.025778404908003146,-0.0011796648396982246,-0.009742434480416015,25.85222601890564
0.025778404908003146,-0.0011796648396982246,-0.009742434480416015,25.87508773803711
0.025778404908003146,-0.0011796648396982246,-0.009742434480416015,25.90072226524353
0.025778404908003146,-0.0011796648396982246,-0.009742434480416015,25.92926335334778
0.025489132932710303,-0.001179637588278326,-0.00976278611484705,25.951998949050903
0.025778404908003146,-0.0011796648396982246,-0.009742434480416015,25.975120782852173
0.025489132932710303,-0.001179637588278326,-0.00976278611484705,26.007609844207764
0.025489132932710303,-0.001179637588278326,-0.00976278611484705,26.02885890007019
0.025778404908003146,-0.0011796648396982246,-0.009742434480416015,26.061461687088013
0.025489132932710303,-0.001179637588278326,-0.00976278611484705,26.09235429763794
0.025778404908003146,-0.0011796648396982246,-0.009742434480416015,26.12382411956787
0.025489132932710303,-0.001179637588278326,-0.00976278611484705,26.15538501739502
0.025756023710614633,-0.001194755090849292,-0.009832518889969897,26.186076164245605
0.025489132932710303,-0.001179637588278326,-0.00976278611484705,26.207723379135132
0.025778404908003146,-0.0011796648396982246,-0.009742434480416015,26.234086513519287
0.025778404908003146,-0.0011796648396982246,-0.009742434480416015,26.265493869781494
0.025489132932710303,-0.001179637588278326,-0.00976278611484705,26.284233331680298
0.025489132932710303,-0.001179637588278326,-0.00976278611484705,26.308485507965088
0.025778404908003146,-0.0011796648396982246,-0.009742434480416015,26.330212116241455
0.025778404908003146,-0.0011796648396982246,-0.009742434480416015,26.350505590438843
0.025489132932710303,-0.001179637588278326,-0.00976278611484705,26.381747484207153
0.025489132932710303,-0.001179637588278326,-0.00976278611484705,26.40183711051941
0.025489132932710303,-0.001179637588278326,-0.00976278611484705,26.427788257598877
0.025778404908003146,-0.0011796648396982246,-0.009742434480416015,26.450936794281006
0.025778404908003146,-0.0011796648396982246,-0.009742434480416015,26.474117040634155
0.025778404908003146,-0.0011796648396982246,-0.009742434480416015,26.50162672996521
0.025778404908003146,-0.0011796648396982246,-0.009742434480416015,26.534050226211548
0.025778404908003146,-0.0011796648396982246,-0.009742434480416015,26.563759088516235
0.025778404908003146,-0.0011796648396982246,-0.009742434480416015,26.59506058692932
0.025778404908003146,-0.0011796648396982246,-0.009742434480416015,26.627816200256348
0.025778404908003146,-0.0011796648396982246,-0.009742434480416015,26.651357650756836
0.025778404908003146,-0.0011796648396982246,-0.009742434480416015,26.675793647766113
0.025778404908003146,-0.0011796648396982246,-0.009742434480416015,26.699052810668945
0.02579972472941882,-0.0010105819267167693,-0.009747301019336968,26.725610971450806
0.025489132932710303,-0.001179637588278326,-0.00976278611484705,26.756897449493408
0.025778404908003146,-0.0011796648396982246,-0.009742434480416015,26.783719778060913
0.025489132932710303,-0.001179637588278326,-0.00976278611484705,26.805849075317383
0.025489132932710303,-0.001179637588278326,-0.00976278611484705,26.829689502716064
0.025489132932710303,-0.001179637588278326,-0.00976278611484705,26.855628728866577
0.025489132932710303,-0.001179637588278326,-0.00976278611484705,26.885159015655518
0.025489132932710303,-0.001179637588278326,-0.00976278611484705,26.908684253692627
0.025778404908003146,-0.0011796648396982246,-0.009742434480416015,26.942396640777588
0.025778404908003146,-0.0011796648396982246,-0.009742434480416015,26.96341609954834
0.025778404908003146,-0.0011796648396982246,-0.009742434480416015,26.98586916923523
0.025489132932710303,-0.001179637588278326,-0.00976278611484705,27.009920835494995
0.025489132932710303,-0.001179637588278326,-0.00976278611484705,27.0353946685791
0.025778404908003146,-0.0011796648396982246,-0.009742434480416015,27.0638325214386
0.025778404908003146,-0.0011796648396982246,-0.009742434480416015,27.095622301101685
0.025778404908003146,-0.0011796648396982246,-0.009742434480416015,27.118818998336792
0.025510237340635046,-0.0010102736381105981,-0.009767678385666166,27.143542289733887
0.025489132932710303,-0.001179637588278326,-0.00976278611484705,27.165876626968384
0.025489132932710303,-0.001179637588278326,-0.00976278611484705,27.187023401260376
0.02579972472941882,-0.0010105819267167693,-0.009747301019336968,27.213631868362427
0.025510237340635046,-0.0010102736381105981,-0.009767678385666166,27.239940404891968
0.025489132932710303,-0.001179637588278326,-0.00976278611484705,27.265307426452637
0.025510237340635046,-0.0010102736381105981,-0.009767678385666166,27.28894853591919
0.025778404908003146,-0.0011796648396982246,-0.009742434480416015,27.314067602157593
0.025778404908003146,-0.0011796648396982246,-0.009742434480416015,27.334760665893555
0.025489132932710303,-0.001179637588278326,-0.00976278611484705,27.361198902130127
0.025778404908003146,-0.0011796648396982246,-0.009742434480416015,27.3858323097229
0.025778404908003146,-0.0011796648396982246,-0.009742434480416015,27.412251234054565
0.025778404908003146,-0.0011796648396982246,-0.009742434480416015,27.440351724624634
0.025777359551974362,-0.001025668104004479,-0.009837460280146227,27.46221923828125
0.025778404908003146,-0.0011796648396982246,-0.009742434480416015,27.480990409851074
0.025510237340635046,-0.0010102736381105981,-0.009767678385666166,27.503790616989136
0.025778404908003146,-0.0011796648396982246,-0.009742434480416015,27.53539776802063
0.025778404908003146,-0.0011796648396982246,-0.009742434480416015,27.55818009376526
0.025778404908003146,-0.0011796648396982246,-0.009742434480416015,27.583957195281982
0.025756023710614633,-0.001194755090849292,-0.009832518889969897,27.604332208633423
0.025489132932710303,-0.001179637588278326,-0.00976278611484705,27.629436016082764
0.025489132932710303,-0.001179637588278326,-0.00976278611484705,27.651020050048828
0.025778404908003146,-0.0011796648396982246,-0.009742434480416015,27.677456378936768
0.02546677600710786,-0.00119470251818532,-0.009852869733813002,27.70569086074829
0.025778404908003146,-0.0011796648396982246,-0.009742434480416015,27.7289400100708
0.025489132932710303,-0.001179637588278326,-0.00976278611484705,27.750911712646484
0.025778404908003146,-0.0011796648396982246,-0.009742434480416015,27.775156497955322
0.025778404908003146,-0.0011796648396982246,-0.009742434480416015,27.801350116729736
0.025778404908003146,-0.0011796648396982246,-0.009742434480416015,27.827788829803467
0.025489132932710303,-0.001179637588278326,-0.00976278611484705,27.85049295425415
0.025778404908003146,-0.0011796648396982246,-0.009742434480416015,27.87251377105713
0.025778404908003146,-0.0011796648396982246,-0.009742434480416015,27.89499521255493
0.025778404908003146,-0.0011796648396982246,-0.009742434480416015,27.92673683166504
0.025489132932710303,-0.001179637588278326,-0.00976278611484705,27.952030181884766
0.025489132932710303,-0.001179637588278326,-0.00976278611484705,27.97722029685974
0.025489132932710303,-0.001179637588278326,-0.00976278611484705,27.99720525741577
0.025778404908003146,-0.0011796648396982246,-0.009742434480416015,28.027143001556396
0.025778404908003146,-0.0011796648396982246,-0.009742434480416015,28.05643916130066
0.025489132932710303,-0.001179637588278326,-0.00976278611484705,28.078373670578003
0.025489132932710303,-0.001179637588278326,-0.00976278611484705,28.10153079032898
0.025489132932710303,-0.001179637588278326,-0.00976278611484705,28.12169575691223
0.025778404908003146,-0.0011796648396982246,-0.009742434480416015,28.161755323410034
0.025489132932710303,-0.001179637588278326,-0.00976278611484705,28.195303201675415
0.025489132932710303,-0.001179637588278326,-0.00976278611484705,28.214436292648315
0.025778404908003146,-0.0011796648396982246,-0.009742434480416015,28.23473286628723
0.025778404908003146,-0.0011796648396982246,-0.009742434480416015,28.260260581970215
0.025510237340635046,-0.0010102736381105981,-0.009767678385666166,28.287513256072998
0.025778404908003146,-0.0011796648396982246,-0.009742434480416015,28.321603536605835
0.025778404908003146,-0.0011796648396982246,-0.009742434480416015,28.353885889053345
0.025778404908003146,-0.0011796648396982246,-0.009742434480416015,28.377848625183105
0.025778404908003146,-0.0011796648396982246,-0.009742434480416015,28.40135169029236
0.025778404908003146,-0.0011796648396982246,-0.009742434480416015,28.423933029174805
0.025778404908003146,-0.0011796648396982246,-0.009742434480416015,28.4495210647583
0.025778404908003146,-0.0011796648396982246,-0.009742434480416015,28.47619605064392
0.025778404908003146,-0.0011796648396982246,-0.009742434480416015,28.506529808044434
0.025778404908003146,-0.0011796648396982246,-0.009742434480416015,28.53149104118347
0.025778404908003146,-0.0011796648396982246,-0.009742434480416015,28.55718207359314
0.025489132932710303,-0.001179637588278326,-0.00976278611484705,28.579142332077026
0.025510237340635046,-0.0010102736381105981,-0.009767678385666166,28.600759983062744
0.025778404908003146,-0.0011796648396982246,-0.009742434480416015,28.619925022125244
0.025778404908003146,-0.0011796648396982246,-0.009742434480416015,28.65507435798645
0.025778404908003146,-0.0011796648396982246,-0.009742434480416015,28.6825749874115
0.025489132932710303,-0.001179637588278326,-0.00976278611484705,28.71036720275879
0.025778404908003146,-0.0011796648396982246,-0.009742434480416015,28.740947008132935
0.025489132932710303,-0.001179637588278326,-0.00976278611484705,28.775304079055786
0.025510237340635046,-0.0010102736381105981,-0.009767678385666166,28.806843757629395
0.025756023710614633,-0.001194755090849292,-0.009832518889969897,28.83826756477356
0.025756023710614633,-0.001194755090849292,-0.009832518889969897,28.861902952194214
0.025778404908003146,-0.0011796648396982246,-0.009742434480416015,28.890337467193604
0.025489132932710303,-0.001179637588278326,-0.00976278611484705,28.930633783340454
0.025778404908003146,-0.0011796648396982246,-0.009742434480416015,28.95428776741028
0.025778404908003146,-0.0011796648396982246,-0.009742434480416015,28.979788303375244
0.02579972472941882,-0.0010105819267167693,-0.009747301019336968,29.003262996673584
0.025778404908003146,-0.0011796648396982246,-0.009742434480416015,29.031068086624146
0.025778404908003146,-0.0011796648396982246,-0.009742434480416015,29.04946279525757
0.025489132932710303,-0.001179637588278326,-0.00976278611484705,29.073359966278076
0.025778404908003146,-0.0011796648396982246,-0.009742434480416015,29.10212755203247
0.025778404908003146,-0.0011796648396982246,-0.009742434480416015,29.126295566558838
0.025489132932710303,-0.001179637588278326,-0.00976278611484705,29.15091824531555
0.025778404908003146,-0.0011796648396982246,-0.009742434480416015,29.178417682647705
0.025778404908003146,-0.0011796648396982246,-0.009742434480416015,29.19988250732422
0.025778404908003146,-0.0011796648396982246,-0.009742434480416015,29.228163242340088
0.025778404908003146,-0.0011796648396982246,-0.009742434480416015,29.25004005432129
0.025778404908003146,-0.0011796648396982246,-0.009742434480416015,29.276583194732666
0.025778404908003146,-0.0011796648396982246,-0.009742434480416015,29.30795955657959
0.025489132932710303,-0.001179637588278326,-0.00976278611484705,29.33958673477173
0.025489132932710303,-0.001179637588278326,-0.00976278611484705,29.35649275779724
0.025778404908003146,-0.0011796648396982246,-0.009742434480416015,29.37766194343567
0.025778404908003146,-0.0011796648396982246,-0.009742434480416015,29.40215516090393
0.025778404908003146,-0.0011796648396982246,-0.009742434480416015,29.42368197441101
0.025489132932710303,-0.001179637588278326,-0.00976278611484705,29.447471857070923
0.025756023710614633,-0.001194755090849292,-0.009832518889969897,29.468565702438354
0.025778404908003146,-0.0011796648396982246,-0.009742434480416015,29.49810767173767
0.025489132932710303,-0.001179637588278326,-0.00976278611484705,29.523051023483276
0.025756023710614633,-0.001194755090849292,-0.009832518889969897,29.544547080993652
0.025778404908003146,-0.0011796648396982246,-0.009742434480416015,29.571442127227783
0.025778404908003146,-0.0011796648396982246,-0.009742434480416015,29.591578722000122
0.02579972472941882,-0.0010105819267167693,-0.009747301019336968,29.619661331176758
0.025778404908003146,-0.0011796648396982246,-0.009742434480416015,29.64849042892456
0.025489132932710303,-0.001179637588278326,-0.00976278611484705,29.67141056060791
0.025778404908003146,-0.0011796648396982246,-0.009742434480416015,29.702521324157715
0.025778404908003146,-0.0011796648396982246,-0.009742434480416015,29.74563193321228
0.025778404908003146,-0.0011796648396982246,-0.009742434480416015,29.76651930809021
0.025778404908003146,-0.0011796648396982246,-0.009742434480416015,29.8079035282135
0.025778404908003146,-0.0011796648396982246,-0.009742434480416015,29.83975887298584
0.025489132932710303,-0.001179637588278326,-0.00976278611484705,29.860636472702026
0.025778404908003146,-0.0011796648396982246,-0.009742434480416015,29.883821487426758
0.025778404908003146,-0.0011796648396982246,-0.009742434480416015,29.918290615081787
0.025778404908003146,-0.0011796648396982246,-0.009742434480416015,29.938302040100098
0.025778404908003146,-0.0011796648396982246,-0.009742434480416015,29.96422290802002
0.025778404908003146,-0.0011796648396982246,-0.009742434480416015,29.99432396888733
0.025778404908003146,-0.0011796648396982246,-0.009742434480416015,30.025498867034912
0.025778404908003146,-0.0011796648396982246,-0.009742434480416015,30.05695366859436
0.025778404908003146,-0.0011796648396982246,-0.009742434480416015,30.090439081192017
0.025778404908003146,-0.0011796648396982246,-0.009742434480416015,30.120119333267212
0.025778404908003146,-0.0011796648396982246,-0.009742434480416015,30.14298677444458
0.025756023710614633,-0.001194755090849292,-0.009832518889969897,30.16915726661682
0.025756023710614633,-0.001194755090849292,-0.009832518889969897,30.19332242012024
0.025489132932710303,-0.001179637588278326,-0.00976278611484705,30.218007564544678
0.02579972472941882,-0.0010105819267167693,-0.009747301019336968,30.24342656135559
0.025778404908003146,-0.0011796648396982246,-0.009742434480416015,30.26348900794983
0.025778404908003146,-0.0011796648396982246,-0.009742434480416015,30.28535270690918
0.025489132932710303,-0.001179637588278326,-0.00976278611484705,30.315092086791992
0.025489132932710303,-0.001179637588278326,-0.00976278611484705,30.342333555221558
0.025778404908003146,-0.0011796648396982246,-0.009742434480416015,30.36774468421936
0.025778404908003146,-0.0011796648396982246,-0.009742434480416015,30.389825344085693
0.025778404908003146,-0.0011796648396982246,-0.009742434480416015,30.41764760017395
0.025778404908003146,-0.0011796648396982246,-0.009742434480416015,30.440582752227783
0.025778404908003146,-0.0011796648396982246,-0.009742434480416015,30.47508192062378
0.025778404908003146,-0.0011796648396982246,-0.009742434480416015,30.500491619110107
0.025778404908003146,-0.0011796648396982246,-0.009742434480416015,30.526262044906616
0.025756023710614633,-0.001194755090849292,-0.009832518889969897,30.55445098876953
0.025756023710614633,-0.001194755090849292,-0.009832518889969897,30.574493885040283
0.025778404908003146,-0.0011796648396982246,-0.009742434480416015,30.605804204940796
0.025778404908003146,-0.0011796648396982246,-0.009742434480416015,30.62832236289978
0.02579972472941882,-0.0010105819267167693,-0.009747301019336968,30.65489387512207
0.025778404908003146,-0.0011796648396982246,-0.009742434480416015,30.687358856201172
0.025756023710614633,-0.001194755090849292,-0.009832518889969897,30.71207046508789
0.025778404908003146,-0.0011796648396982246,-0.009742434480416015,30.737464666366577
0.025489132932710303,-0.001179637588278326,-0.00976278611484705,30.76958394050598
0.025489132932710303,-0.001179637588278326,-0.00976278611484705,30.787572383880615
0.025778404908003146,-0.0011796648396982246,-0.009742434480416015,30.812330722808838
0.025756023710614633,-0.001194755090849292,-0.009832518889969897,30.841617822647095
0.025489132932710303,-0.001179637588278326,-0.00976278611484705,30.85844659805298
0.025778404908003146,-0.0011796648396982246,-0.009742434480416015,30.883361339569092
0.025778404908003146,-0.0011796648396982246,-0.009742434480416015,30.90647268295288
0.025778404908003146,-0.0011796648396982246,-0.009742434480416015,30.923991680145264
0.025778404908003146,-0.0011796648396982246,-0.009742434480416015,30.950631618499756
0.025778404908003146,-0.0011796648396982246,-0.009742434480416015,30.97228693962097
0.02579972472941882,-0.0010105819267167693,-0.009747301019336968,31.01335310935974
0.025778404908003146,-0.0011796648396982246,-0.009742434480416015,31.045103788375854
0.025778404908003146,-0.0011796648396982246,-0.009742434480416015,31.06667423248291
0.025778404908003146,-0.0011796648396982246,-0.009742434480416015,31.09067463874817
0.025778404908003146,-0.0011796648396982246,-0.009742434480416015,31.11164879798889
0.025778404908003146,-0.0011796648396982246,-0.009742434480416015,31.139061450958252
0.02579972472941882,-0.0010105819267167693,-0.009747301019336968,31.16136074066162
0.025778404908003146,-0.0011796648396982246,-0.009742434480416015,31.183358907699585
0.025489132932710303,-0.001179637588278326,-0.00976278611484705,31.210620164871216
0.025510237340635046,-0.0010102736381105981,-0.009767678385666166,31.233280181884766
0.02579972472941882,-0.0010105819267167693,-0.009747301019336968,31.253528356552124
0.025489132932710303,-0.001179637588278326,-0.00976278611484705,31.281338930130005
0.025778404908003146,-0.0011796648396982246,-0.009742434480416015,31.301687479019165
0.02579972472941882,-0.0010105819267167693,-0.009747301019336968,31.343499660491943
0.025778404908003146,-0.0011796648396982246,-0.009742434480416015,31.366317749023438
0.025778404908003146,-0.0011796648396982246,-0.009742434480416015,31.386346101760864
0.02546677600710786,-0.00119470251818532,-0.009852869733813002,31.41367745399475
0.025489132932710303,-0.001179637588278326,-0.00976278611484705,31.438778400421143
0.025489132932710303,-0.001179637588278326,-0.00976278611484705,31.457946300506592
0.025778404908003146,-0.0011796648396982246,-0.009742434480416015,31.483985662460327
0.025778404908003146,-0.0011796648396982246,-0.009742434480416015,31.50542974472046
0.025778404908003146,-0.0011796648396982246,-0.009742434480416015,31.529114246368408
0.025778404908003146,-0.0011796648396982246,-0.009742434480416015,31.5582594871521
0.025778404908003146,-0.0011796648396982246,-0.009742434480416015,31.58004903793335
0.025489132932710303,-0.001179637588278326,-0.00976278611484705,31.605480909347534
0.025756023710614633,-0.001194755090849292,-0.009832518889969897,31.62571430206299
0.025756023710614633,-0.001194755090849292,-0.009832518889969897,31.657734870910645
0.025756023710614633,-0.001194755090849292,-0.009832518889969897,31.689473152160645
0.025778404908003146,-0.0011796648396982246,-0.009742434480416015,31.7204110622406
0.025778404908003146,-0.0011796648396982246,-0.009742434480416015,31.740049600601196
0.025778404908003146,-0.0011796648396982246,-0.009742434480416015,31.763821601867676
0.025489132932710303,-0.001179637588278326,-0.00976278611484705,31.78434991836548
0.025489132932710303,-0.001179637588278326,-0.00976278611484705,31.805737018585205
0.025756023710614633,-0.001194755090849292,-0.009832518889969897,31.836562156677246
0.025778404908003146,-0.0011796648396982246,-0.009742434480416015,31.871140718460083
0.025778404908003146,-0.0011796648396982246,-0.009742434480416015,31.892958164215088
0.025778404908003146,-0.0011796648396982246,-0.009742434480416015,31.92444920539856
0.025778404908003146,-0.0011796648396982246,-0.009742434480416015,31.9438693523407
0.025778404908003146,-0.0011796648396982246,-0.009742434480416015,31.9857234954834
0.025778404908003146,-0.0011796648396982246,-0.009742434480416015,32.010416746139526
0.02579972472941882,-0.0010105819267167693,-0.009747301019336968,32.05166172981262
0.025778404908003146,-0.0011796648396982246,-0.009742434480416015,32.070756912231445
0.025778404908003146,-0.0011796648396982246,-0.009742434480416015,32.0905282497406
0.025778404908003146,-0.0011796648396982246,-0.009742434480416015,32.11928153038025
0.025489132932710303,-0.001179637588278326,-0.00976278611484705,32.14313578605652
0.025778404908003146,-0.0011796648396982246,-0.009742434480416015,32.16780948638916
0.025778404908003146,-0.0011796648396982246,-0.009742434480416015,32.194273710250854
0.025489132932710303,-0.001179637588278326,-0.00976278611484705,32.218828201293945
0.025778404908003146,-0.0011796648396982246,-0.009742434480416015,32.23822021484375
0.025489132932710303,-0.001179637588278326,-0.00976278611484705,32.266839027404785
0.025778404908003146,-0.0011796648396982246,-0.009742434480416015,32.290260314941406
0.025489132932710303,-0.001179637588278326,-0.00976278611484705,32.32476568222046
0.025510237340635046,-0.0010102736381105981,-0.009767678385666166,32.34355878829956
0.025777359551974362,-0.001025668104004479,-0.009837460280146227,32.36716413497925
0.025489132932710303,-0.001179637588278326,-0.00976278611484705,32.38858962059021
0.025489132932710303,-0.001179637588278326,-0.00976278611484705,32.41553235054016
0.02546677600710786,-0.00119470251818532,-0.009852869733813002,32.43987321853638
0.02579972472941882,-0.0010105819267167693,-0.009747301019336968,32.46235918998718
0.02579972472941882,-0.0010105819267167693,-0.009747301019336968,32.48620581626892
0.025778404908003146,-0.0011796648396982246,-0.009742434480416015,32.50775456428528
0.025756023710614633,-0.001194755090849292,-0.009832518889969897,32.532768964767456
0.025756023710614633,-0.001194755090849292,-0.009832518889969897,32.565247535705566
0.025489132932710303,-0.001179637588278326,-0.00976278611484705,32.589972734451294
0.025778404908003146,-0.0011796648396982246,-0.009742434480416015,32.612308979034424
0.025778404908003146,-0.0011796648396982246,-0.009742434480416015,32.636812686920166
0.025778404908003146,-0.0011796648396982246,-0.009742434480416015,32.65835666656494
0.025489132932710303,-0.001179637588278326,-0.00976278611484705,32.68602514266968
0.02579972472941882,-0.0010105819267167693,-0.009747301019336968,32.71442461013794
0.02579972472941882,-0.0010105819267167693,-0.009747301019336968,32.738802433013916
0.025489132932710303,-0.001179637588278326,-0.00976278611484705,32.760504484176636
0.025778404908003146,-0.0011796648396982246,-0.009742434480416015,32.78783202171326
0.025778404908003146,-0.0011796648396982246,-0.009742434480416015,32.81035304069519
0.025778404908003146,-0.0011796648396982246,-0.009742434480416015,32.84029579162598
0.025778404908003146,-0.0011796648396982246,-0.009742434480416015,32.87169122695923
0.025778404908003146,-0.0011796648396982246,-0.009742434480416015,32.89272975921631
0.025489132932710303,-0.001179637588278326,-0.00976278611484705,32.913896799087524
0.025489132932710303,-0.001179637588278326,-0.00976278611484705,32.93389701843262
0.025489132932710303,-0.001179637588278326,-0.00976278611484705,32.963526487350464
0.025489132932710303,-0.001179637588278326,-0.00976278611484705,32.99290370941162
0.025778404908003146,-0.0011796648396982246,-0.009742434480416015,33.0141487121582
0.025778404908003146,-0.0011796648396982246,-0.009742434480416015,33.03680467605591
0.02579972472941882,-0.0010105819267167693,-0.009747301019336968,33.05915689468384
0.025778404908003146,-0.0011796648396982246,-0.009742434480416015,33.079021692276
0.02579972472941882,-0.0010105819267167693,-0.009747301019336968,33.11191129684448
0.02579972472941882,-0.0010105819267167693,-0.009747301019336968,33.139504194259644
0.025778404908003146,-0.0011796648396982246,-0.009742434480416015,33.16346716880798
0.025778404908003146,-0.0011796648396982246,-0.009742434480416015,33.18888449668884
0.025489132932710303,-0.001179637588278326,-0.00976278611484705,33.22922706604004
0.025778404908003146,-0.0011796648396982246,-0.009742434480416015,33.264086961746216
0.0254878963334334,-0.0010253345546760995,-0.00985783698666993,33.28580117225647
0.025778404908003146,-0.0011796648396982246,-0.009742434480416015,33.309627294540405
0.025778404908003146,-0.0011796648396982246,-0.009742434480416015,33.33341693878174
0.025778404908003146,-0.0011796648396982246,-0.009742434480416015,33.36233949661255
0.025778404908003146,-0.0011796648396982246,-0.009742434480416015,33.38829207420349
0.025489132932710303,-0.001179637588278326,-0.00976278611484705,33.41878628730774
0.025756023710614633,-0.001194755090849292,-0.009832518889969897,33.444398403167725
0.025756023710614633,-0.001194755090849292,-0.009832518889969897,33.47011137008667
0.025489132932710303,-0.001179637588278326,-0.00976278611484705,33.496893882751465
0.025489132932710303,-0.001179637588278326,-0.00976278611484705,33.5297589302063
0.025778404908003146,-0.0011796648396982246,-0.009742434480416015,33.5615930557251
0.025778404908003146,-0.0011796648396982246,-0.009742434480416015,33.591490030288696
0.025489132932710303,-0.001179637588278326,-0.00976278611484705,33.61263585090637
0.02579972472941882,-0.0010105819267167693,-0.009747301019336968,33.655447006225586
0.025489132932710303,-0.001179637588278326,-0.00976278611484705,33.694424629211426
0.025489132932710303,-0.001179637588278326,-0.00976278611484705,33.71930694580078
0.025777359551974362,-0.001025668104004479,-0.009837460280146227,33.75282335281372
0.025489132932710303,-0.001179637588278326,-0.00976278611484705,33.775691747665405
0.025778404908003146,-0.0011796648396982246,-0.009742434480416015,33.80670738220215
0.025489132932710303,-0.001179637588278326,-0.00976278611484705,33.83297348022461
0.025778404908003146,-0.0011796648396982246,-0.009742434480416015,33.86582803726196
0.025778404908003146,-0.0011796648396982246,-0.009742434480416015,33.8895001411438
0.02579972472941882,-0.0010105819267167693,-0.009747301019336968,33.912736654281616
0.025489132932710303,-0.001179637588278326,-0.00976278611484705,33.93352961540222
0.025778404908003146,-0.0011796648396982246,-0.009742434480416015,33.961668729782104
0.025489132932710303,-0.001179637588278326,-0.00976278611484705,33.991315841674805
0.025489132932710303,-0.001179637588278326,-0.00976278611484705,34.03191566467285
0.025778404908003146,-0.0011796648396982246,-0.009742434480416015,34.057985067367554
0.025778404908003146,-0.0011796648396982246,-0.009742434480416015,34.082523822784424
0.025489132932710303,-0.001179637588278326,-0.00976278611484705,34.11738443374634
0.025778404908003146,-0.0011796648396982246,-0.009742434480416015,34.13846731185913
0.025756023710614633,-0.001194755090849292,-0.009832518889969897,34.16022992134094
0.025778404908003146,-0.0011796648396982246,-0.009742434480416015,34.18256115913391
0.025778404908003146,-0.0011796648396982246,-0.009742434480416015,34.21728849411011
0.025489132932710303,-0.001179637588278326,-0.00976278611484705,34.245246171951294
0.025777359551974362,-0.001025668104004479,-0.009837460280146227,34.27230930328369
0.025778404908003146,-0.0011796648396982246,-0.009742434480416015,34.29359531402588
0.025778404908003146,-0.0011796648396982246,-0.009742434480416015,34.325323820114136
0.02579972472941882,-0.0010105819267167693,-0.009747301019336968,34.35100793838501
0.02579972472941882,-0.0010105819267167693,-0.009747301019336968,34.37376832962036
0.025778404908003146,-0.0011796648396982246,-0.009742434480416015,34.3991117477417
0.02579972472941882,-0.0010105819267167693,-0.009747301019336968,34.42474102973938
0.025777359551974362,-0.001025668104004479,-0.009837460280146227,34.4522910118103
0.025756023710614633,-0.001194755090849292,-0.009832518889969897,34.4827184677124
0.025778404908003146,-0.0011796648396982246,-0.009742434480416015,34.503323793411255
0.025778404908003146,-0.0011796648396982246,-0.009742434480416015,34.5335807800293
0.025778404908003146,-0.0011796648396982246,-0.009742434480416015,34.552868604660034
0.025489132932710303,-0.001179637588278326,-0.00976278611484705,34.57908225059509
0.025778404908003146,-0.0011796648396982246,-0.009742434480416015,34.60314178466797
0.02579972472941882,-0.0010105819267167693,-0.009747301019336968,34.635233879089355
0.02579972472941882,-0.0010105819267167693,-0.009747301019336968,34.6604962348938
0.025778404908003146,-0.0011796648396982246,-0.009742434480416015,34.682597398757935
0.025489132932710303,-0.001179637588278326,-0.00976278611484705,34.71470928192139
0.025489132932710303,-0.001179637588278326,-0.00976278611484705,34.73906111717224
0.025489132932710303,-0.001179637588278326,-0.00976278611484705,34.76090431213379
0.025489132932710303,-0.001179637588278326,-0.00976278611484705,34.785489082336426
0.025489132932710303,-0.001179637588278326,-0.00976278611484705,34.81549382209778
0.025489132932710303,-0.001179637588278326,-0.00976278611484705,34.83728337287903
0.025489132932710303,-0.001179637588278326,-0.00976278611484705,34.86404037475586
0.025778404908003146,-0.0011796648396982246,-0.009742434480416015,34.88435173034668
0.025778404908003146,-0.0011796648396982246,-0.009742434480416015,34.91101264953613
0.025489132932710303,-0.001179637588278326,-0.00976278611484705,34.93637418746948
0.025756023710614633,-0.001194755090849292,-0.009832518889969897,34.95614194869995
0.025756023710614633,-0.001194755090849292,-0.009832518889969897,34.97699689865112
0.025489132932710303,-0.001179637588278326,-0.00976278611484705,34.99961233139038
0.025778404908003146,-0.0011796648396982246,-0.009742434480416015,35.024446964263916
0.025489132932710303,-0.001179637588278326,-0.00976278611484705,35.05208730697632
0.025756023710614633,-0.001194755090849292,-0.009832518889969897,35.08078694343567
0.025756023710614633,-0.001194755090849292,-0.009832518889969897,35.10407376289368
0.025778404908003146,-0.0011796648396982246,-0.009742434480416015,35.12618088722229
0.025778404908003146,-0.0011796648396982246,-0.009742434480416015,35.155900716781616
0.025489132932710303,-0.001179637588278326,-0.00976278611484705,35.17660045623779
0.025778404908003146,-0.0011796648396982246,-0.009742434480416015,35.20170450210571
0.025778404908003146,-0.0011796648396982246,-0.009742434480416015,35.23541331291199
0.025778404908003146,-0.0011796648396982246,-0.009742434480416015,35.267319679260254
0.025778404908003146,-0.0011796648396982246,-0.009742434480416015,35.28768610954285
0.025489132932710303,-0.001179637588278326,-0.00976278611484705,35.308324575424194
0.025778404908003146,-0.0011796648396982246,-0.009742434480416015,35.33225393295288
0.025778404908003146,-0.0011796648396982246,-0.009742434480416015,35.361844062805176
0.025489132932710303,-0.001179637588278326,-0.00976278611484705,35.38241934776306
0.025510237340635046,-0.0010102736381105981,-0.009767678385666166,35.40495681762695
0.025510237340635046,-0.0010102736381105981,-0.009767678385666166,35.433014154434204
0.025489132932710303,-0.001179637588278326,-0.00976278611484705,35.45655274391174
0.02579972472941882,-0.0010105819267167693,-0.009747301019336968,35.487284660339355
0.025778404908003146,-0.0011796648396982246,-0.009742434480416015,35.5079460144043
0.025489132932710303,-0.001179637588278326,-0.00976278611484705,35.53132963180542
0.025778404908003146,-0.0011796648396982246,-0.009742434480416015,35.55522918701172
0.025510237340635046,-0.0010102736381105981,-0.009767678385666166,35.58465099334717
0.025489132932710303,-0.001179637588278326,-0.00976278611484705,35.60979223251343
0.025756023710614633,-0.001194755090849292,-0.009832518889969897,35.63412880897522
0.025489132932710303,-0.001179637588278326,-0.00976278611484705,35.673757553100586
0.025489132932710303,-0.001179637588278326,-0.00976278611484705,35.696736574172974
0.025489132932710303,-0.001179637588278326,-0.00976278611484705,35.72164058685303
0.025489132932710303,-0.001179637588278326,-0.00976278611484705,35.74423575401306
0.025510237340635046,-0.0010102736381105981,-0.009767678385666166,35.76930546760559
0.025778404908003146,-0.0011796648396982246,-0.009742434480416015,35.8015034198761
0.025489132932710303,-0.001179637588278326,-0.00976278611484705,35.82332468032837
0.025778404908003146,-0.0011796648396982246,-0.009742434480416015,35.853458881378174
0.025778404908003146,-0.0011796648396982246,-0.009742434480416015,35.8762845993042
0.025778404908003146,-0.0011796648396982246,-0.009742434480416015,35.901256799697876
0.025778404908003146,-0.0011796648396982246,-0.009742434480416015,35.930166244506836
0.025756023710614633,-0.001194755090849292,-0.009832518889969897,35.963921308517456
0.025756023710614633,-0.001194755090849292,-0.009832518889969897,35.984020471572876
0.02579972472941882,-0.0010105819267167693,-0.009747301019336968,36.00689506530762
0.025756023710614633,-0.001194755090849292,-0.009832518889969897,36.0379581451416
0.025778404908003146,-0.0011796648396982246,-0.009742434480416015,36.06997013092041
0.025489132932710303,-0.001179637588278326,-0.00976278611484705,36.10199499130249
0.025489132932710303,-0.001179637588278326,-0.00976278611484705,36.13377666473389
0.025778404908003146,-0.0011796648396982246,-0.009742434480416015,36.156705141067505
0.025778404908003146,-0.0011796648396982246,-0.009742434480416015,36.18238401412964
0.025778404908003146,-0.0011796648396982246,-0.009742434480416015,36.20386219024658
0.025778404908003146,-0.0011796648396982246,-0.009742434480416015,36.22990918159485
0.025489132932710303,-0.001179637588278326,-0.00976278611484705,36.260759592056274
0.025489132932710303,-0.001179637588278326,-0.00976278611484705,36.2845675945282
0.025778404908003146,-0.0011796648396982246,-0.009742434480416015,36.315035581588745
0.025778404908003146,-0.0011796648396982246,-0.009742434480416015,36.338793992996216
0.025778404908003146,-0.0011796648396982246,-0.009742434480416015,36.35844135284424
0.025778404908003146,-0.0011796648396982246,-0.009742434480416015,36.39036226272583
0.02579972472941882,-0.0010105819267167693,-0.009747301019336968,36.41349220275879
0.025778404908003146,-0.0011796648396982246,-0.009742434480416015,36.44002866744995
0.025778404908003146,-0.0011796648396982246,-0.009742434480416015,36.46678280830383
0.025489132932710303,-0.001179637588278326,-0.00976278611484705,36.491703510284424
0.025778404908003146,-0.0011796648396982246,-0.009742434480416015,36.51174449920654
0.025778404908003146,-0.0011796648396982246,-0.009742434480416015,36.537572145462036
0.025778404908003146,-0.0011796648396982246,-0.009742434480416015,36.55780029296875
0.02579972472941882,-0.0010105819267167693,-0.009747301019336968,36.588443994522095
0.025778404908003146,-0.0011796648396982246,-0.009742434480416015,36.61448860168457
0.025778404908003146,-0.0011796648396982246,-0.009742434480416015,36.635539293289185
0.025778404908003146,-0.0011796648396982246,-0.009742434480416015,36.66753315925598
0.025489132932710303,-0.001179637588278326,-0.00976278611484705,36.69641900062561
0.025778404908003146,-0.0011796648396982246,-0.009742434480416015,36.72288370132446
0.025778404908003146,-0.0011796648396982246,-0.009742434480416015,36.743441104888916
0.025489132932710303,-0.001179637588278326,-0.00976278611484705,36.76897120475769
0.025489132932710303,-0.001179637588278326,-0.00976278611484705,36.797292709350586
0.025778404908003146,-0.0011796648396982246,-0.009742434480416015,36.83472466468811
0.025778404908003146,-0.0011796648396982246,-0.009742434480416015,36.857375383377075
0.025778404908003146,-0.0011796648396982246,-0.009742434480416015,36.88554286956787
0.02579972472941882,-0.0010105819267167693,-0.009747301019336968,36.90796518325806
0.025778404908003146,-0.0011796648396982246,-0.009742434480416015,36.930421113967896
0.025778404908003146,-0.0011796648396982246,-0.009742434480416015,36.95437836647034
0.025778404908003146,-0.0011796648396982246,-0.009742434480416015,36.98121237754822
0.02546677600710786,-0.00119470251818532,-0.009852869733813002,37.0066614151001
0.02546677600710786,-0.00119470251818532,-0.009852869733813002,37.03257751464844
0.025778404908003146,-0.0011796648396982246,-0.009742434480416015,37.06628060340881
0.025489132932710303,-0.001179637588278326,-0.00976278611484705,37.0930118560791
0.025489132932710303,-0.001179637588278326,-0.00976278611484705,37.11362147331238
0.025778404908003146,-0.0011796648396982246,-0.009742434480416015,37.135764360427856
0.025778404908003146,-0.0011796648396982246,-0.009742434480416015,37.158809185028076
0.025778404908003146,-0.0011796648396982246,-0.009742434480416015,37.18053388595581
0.025510237340635046,-0.0010102736381105981,-0.009767678385666166,37.20412516593933
0.025778404908003146,-0.0011796648396982246,-0.009742434480416015,37.23035407066345
0.025778404908003146,-0.0011796648396982246,-0.009742434480416015,37.257957220077515
0.025778404908003146,-0.0011796648396982246,-0.009742434480416015,37.2905478477478
0.025489132932710303,-0.001179637588278326,-0.00976278611484705,37.314438343048096
0.025489132932710303,-0.001179637588278326,-0.00976278611484705,37.337284326553345
0.025489132932710303,-0.001179637588278326,-0.00976278611484705,37.367748737335205
0.025778404908003146,-0.0011796648396982246,-0.009742434480416015,37.389623165130615
0.025489132932710303,-0.001179637588278326,-0.00976278611484705,37.40976405143738
0.025778404908003146,-0.0011796648396982246,-0.009742434480416015,37.43380880355835
0.025778404908003146,-0.0011796648396982246,-0.009742434480416015,37.45901584625244
0.025778404908003146,-0.0011796648396982246,-0.009742434480416015,37.48506021499634
0.025489132932710303,-0.001179637588278326,-0.00976278611484705,37.506948709487915
0.025778404908003146,-0.0011796648396982246,-0.009742434480416015,37.53787112236023
0.025778404908003146,-0.0011796648396982246,-0.009742434480416015,37.568981885910034
0.025778404908003146,-0.0011796648396982246,-0.009742434480416015,37.601243019104004
0.025778404908003146,-0.0011796648396982246,-0.009742434480416015,37.63301968574524
0.025778404908003146,-0.0011796648396982246,-0.009742434480416015,37.6645290851593
0.025778404908003146,-0.0011796648396982246,-0.009742434480416015,37.69644069671631
0.025489132932710303,-0.001179637588278326,-0.00976278611484705,37.728044509887695
0.025778404908003146,-0.0011796648396982246,-0.009742434480416015,37.759665966033936
0.025489132932710303,-0.001179637588278326,-0.00976278611484705,37.790874004364014
0.02546677600710786,-0.00119470251818532,-0.009852869733813002,37.82583928108215
0.025489132932710303,-0.001179637588278326,-0.00976278611484705,37.85039806365967
0.025489132932710303,-0.001179637588278326,-0.00976278611484705,37.871585845947266
0.025778404908003146,-0.0011796648396982246,-0.009742434480416015,37.902544021606445
0.025778404908003146,-0.0011796648396982246,-0.009742434480416015,37.93400573730469
0.025778404908003146,-0.0011796648396982246,-0.009742434480416015,37.965763568878174
0.025489132932710303,-0.001179637588278326,-0.00976278611484705,37.98584461212158
0.025510237340635046,-0.0010102736381105981,-0.009767678385666166,38.012441873550415
0.025489132932710303,-0.001179637588278326,-0.00976278611484705,38.03895282745361
0.025489132932710303,-0.001179637588278326,-0.00976278611484705,38.06759858131409
0.025489132932710303,-0.001179637588278326,-0.00976278611484705,38.098936557769775
0.025778404908003146,-0.0011796648396982246,-0.009742434480416015,38.12223482131958
0.025778404908003146,-0.0011796648396982246,-0.009742434480416015,38.14473509788513
0.025778404908003146,-0.0011796648396982246,-0.009742434480416015,38.167343854904175
0.025489132932710303,-0.001179637588278326,-0.00976278611484705,38.18988275527954
0.025778404908003146,-0.0011796648396982246,-0.009742434480416015,38.22000312805176
0.025489132932710303,-0.001179637588278326,-0.00976278611484705,38.24756050109863
0.025778404908003146,-0.0011796648396982246,-0.009742434480416015,38.27869725227356
0.025778404908003146,-0.0011796648396982246,-0.009742434480416015,38.30038595199585
0.025778404908003146,-0.0011796648396982246,-0.009742434480416015,38.323169469833374
0.025489132932710303,-0.001179637588278326,-0.00976278611484705,38.34820342063904
0.025489132932710303,-0.001179637588278326,-0.00976278611484705,38.37610459327698
0.025489132932710303,-0.001179637588278326,-0.00976278611484705,38.406928300857544
0.025489132932710303,-0.001179637588278326,-0.00976278611484705,38.43252944946289
0.025778404908003146,-0.0011796648396982246,-0.009742434480416015,38.45633316040039
0.025778404908003146,-0.0011796648396982246,-0.009742434480416015,38.48676681518555
0.025778404908003146,-0.0011796648396982246,-0.009742434480416015,38.51608324050903
0.02579972472941882,-0.0010105819267167693,-0.009747301019336968,38.53648352622986
0.025778404908003146,-0.0011796648396982246,-0.009742434480416015,38.5650897026062
0.025778404908003146,-0.0011796648396982246,-0.009742434480416015,38.590651750564575
0.025778404908003146,-0.0011796648396982246,-0.009742434480416015,38.61551594734192
0.025778404908003146,-0.0011796648396982246,-0.009742434480416015,38.637842655181885
0.025778404908003146,-0.0011796648396982246,-0.009742434480416015,38.662036657333374
0.025778404908003146,-0.0011796648396982246,-0.009742434480416015,38.68688631057739
0.025778404908003146,-0.0011796648396982246,-0.009742434480416015,38.70736837387085
0.02579972472941882,-0.0010105819267167693,-0.009747301019336968,38.72973036766052
0.025489132932710303,-0.001179637588278326,-0.00976278611484705,38.76920747756958
0.025489132932710303,-0.001179637588278326,-0.00976278611484705,38.79878807067871
0.025778404908003146,-0.0011796648396982246,-0.009742434480416015,38.830278635025024
0.025489132932710303,-0.001179637588278326,-0.00976278611484705,38.85214376449585
0.025778404908003146,-0.0011796648396982246,-0.009742434480416015,38.876707792282104
0.025778404908003146,-0.0011796648396982246,-0.009742434480416015,38.90362095832825
0.025778404908003146,-0.0011796648396982246,-0.009742434480416015,38.92368268966675
0.025778404908003146,-0.0011796648396982246,-0.009742434480416015,38.95685410499573
0.02579972472941882,-0.0010105819267167693,-0.009747301019336968,38.98291993141174
0.025756023710614633,-0.001194755090849292,-0.009832518889969897,39.01149010658264
0.025778404908003146,-0.0011796648396982246,-0.009742434480416015,39.04715418815613
0.025778404908003146,-0.0011796648396982246,-0.009742434480416015,39.07712769508362
0.025756023710614633,-0.001194755090849292,-0.009832518889969897,39.102288246154785
0.025778404908003146,-0.0011796648396982246,-0.009742434480416015,39.13941550254822
0.025778404908003146,-0.0011796648396982246,-0.009742434480416015,39.17042350769043
0.025778404908003146,-0.0011796648396982246,-0.009742434480416015,39.20192217826843
0.025778404908003146,-0.0011796648396982246,-0.009742434480416015,39.233261585235596
0.025489132932710303,-0.001179637588278326,-0.00976278611484705,39.25389361381531
0.025778404908003146,-0.0011796648396982246,-0.009742434480416015,39.281835317611694
0.02579972472941882,-0.0010105819267167693,-0.009747301019336968,39.309818506240845
0.025778404908003146,-0.0011796648396982246,-0.009742434480416015,39.329840898513794
0.025510237340635046,-0.0010102736381105981,-0.009767678385666166,39.36281085014343
0.025489132932710303,-0.001179637588278326,-0.00976278611484705,39.3952214717865
0.025778404908003146,-0.0011796648396982246,-0.009742434480416015,39.416425466537476
0.025778404908003146,-0.0011796648396982246,-0.009742434480416015,39.438828468322754
0.025778404908003146,-0.0011796648396982246,-0.009742434480416015,39.46754002571106
0.025489132932710303,-0.001179637588278326,-0.00976278611484705,39.492682218551636
0.025489132932710303,-0.001179637588278326,-0.00976278611484705,39.51729106903076
0.025778404908003146,-0.0011796648396982246,-0.009742434480416015,39.540549993515015
0.025489132932710303,-0.001179637588278326,-0.00976278611484705,39.56441855430603
0.025778404908003146,-0.0011796648396982246,-0.009742434480416015,39.587952852249146
0.025778404908003146,-0.0011796648396982246,-0.009742434480416015,39.61462426185608
0.025778404908003146,-0.0011796648396982246,-0.009742434480416015,39.64746332168579
0.025778404908003146,-0.0011796648396982246,-0.009742434480416015,39.670082569122314
0.025778404908003146,-0.0011796648396982246,-0.009742434480416015,39.69860076904297
0.025778404908003146,-0.0011796648396982246,-0.009742434480416015,39.721213579177856
0.025778404908003146,-0.0011796648396982246,-0.009742434480416015,39.741459608078
0.025778404908003146,-0.0011796648396982246,-0.009742434480416015,39.78199481964111
0.025778404908003146,-0.0011796648396982246,-0.009742434480416015,39.80802035331726
0.025778404908003146,-0.0011796648396982246,-0.009742434480416015,39.8320529460907
0.025489132932710303,-0.001179637588278326,-0.00976278611484705,39.85781764984131
0.025778404908003146,-0.0011796648396982246,-0.009742434480416015,39.88273811340332
0.025778404908003146,-0.0011796648396982246,-0.009742434480416015,39.90768361091614
0.025778404908003146,-0.0011796648396982246,-0.009742434480416015,39.940062522888184
0.025778404908003146,-0.0011796648396982246,-0.009742434480416015,39.96192669868469
0.025489132932710303,-0.001179637588278326,-0.00976278611484705,39.98621487617493
0.025778404908003146,-0.0011796648396982246,-0.009742434480416015,40.01227879524231
0.025778404908003146,-0.0011796648396982246,-0.009742434480416015,40.04309678077698
0.025778404908003146,-0.0011796648396982246,-0.009742434480416015,40.062222480773926
0.025778404908003146,-0.0011796648396982246,-0.009742434480416015,40.08453845977783
0.025778404908003146,-0.0011796648396982246,-0.009742434480416015,40.10702610015869
0.025778404908003146,-0.0011796648396982246,-0.009742434480416015,40.13619780540466
0.02579972472941882,-0.0010105819267167693,-0.009747301019336968,40.16035842895508
0.025778404908003146,-0.0011796648396982246,-0.009742434480416015,40.18430018424988
0.025489132932710303,-0.001179637588278326,-0.00976278611484705,40.21311712265015
0.025489132932710303,-0.001179637588278326,-0.00976278611484705,40.23851799964905
0.025778404908003146,-0.0011796648396982246,-0.009742434480416015,40.26906180381775
0.02579972472941882,-0.0010105819267167693,-0.009747301019336968,40.290799379348755
0.02579972472941882,-0.0010105819267167693,-0.009747301019336968,40.31456255912781
0.025778404908003146,-0.0011796648396982246,-0.009742434480416015,40.337692975997925
0.025489132932710303,-0.001179637588278326,-0.00976278611484705,40.35928773880005
0.025489132932710303,-0.001179637588278326,-0.00976278611484705,40.38731646537781
0.025778404908003146,-0.0011796648396982246,-0.009742434480416015,40.416780948638916
0.025778404908003146,-0.0011796648396982246,-0.009742434480416015,40.44854974746704
0.025778404908003146,-0.0011796648396982246,-0.009742434480416015,40.47254014015198
0.025778404908003146,-0.0011796648396982246,-0.009742434480416015,40.495861530303955
0.025756023710614633,-0.001194755090849292,-0.009832518889969897,40.522289752960205
0.025756023710614633,-0.001194755090849292,-0.009832518889969897,40.551703214645386
0.025489132932710303,-0.001179637588278326,-0.00976278611484705,40.59015202522278
0.025778404908003146,-0.0011796648396982246,-0.009742434480416015,40.619717597961426
0.025778404908003146,-0.0011796648396982246,-0.009742434480416015,40.65334987640381
0.025778404908003146,-0.0011796648396982246,-0.009742434480416015,40.675060749053955
0.025778404908003146,-0.0011796648396982246,-0.009742434480416015,40.69504642486572
0.025489132932710303,-0.001179637588278326,-0.00976278611484705,40.71798801422119
0.025778404908003146,-0.0011796648396982246,-0.009742434480416015,40.746097564697266
0.025778404908003146,-0.0011796648396982246,-0.009742434480416015,40.768515825271606
0.025489132932710303,-0.001179637588278326,-0.00976278611484705,40.79396319389343
0.02579972472941882,-0.0010105819267167693,-0.009747301019336968,40.82472562789917
0.025510237340635046,-0.0010102736381105981,-0.009767678385666166,40.84557557106018
0.025778404908003146,-0.0011796648396982246,-0.009742434480416015,40.86682367324829
0.02579972472941882,-0.0010105819267167693,-0.009747301019336968,40.8917715549469
0.02579972472941882,-0.0010105819267167693,-0.009747301019336968,40.91307044029236
0.025489132932710303,-0.001179637588278326,-0.00976278611484705,40.942665815353394
0.025489132932710303,-0.001179637588278326,-0.00976278611484705,40.965728759765625
0.025489132932710303,-0.001179637588278326,-0.00976278611484705,40.984901666641235
0.025489132932710303,-0.001179637588278326,-0.00976278611484705,41.02658033370972
0.025489132932710303,-0.001179637588278326,-0.00976278611484705,41.04239010810852
0.025778404908003146,-0.0011796648396982246,-0.009742434480416015,41.06107544898987
0.025510237340635046,-0.0010102736381105981,-0.009767678385666166,41.09188914299011
0.025778404908003146,-0.0011796648396982246,-0.009742434480416015,41.1231472492218
0.025489132932710303,-0.001179637588278326,-0.00976278611484705,41.15086269378662
0.025778404908003146,-0.0011796648396982246,-0.009742434480416015,41.181901931762695
0.025510237340635046,-0.0010102736381105981,-0.009767678385666166,41.213929414749146
0.025489132932710303,-0.001179637588278326,-0.00976278611484705,41.244635581970215
0.025778404908003146,-0.0011796648396982246,-0.009742434480416015,41.26378035545349
0.025778404908003146,-0.0011796648396982246,-0.009742434480416015,41.283616065979004
0.025778404908003146,-0.0011796648396982246,-0.009742434480416015,41.32008647918701
0.025489132932710303,-0.001179637588278326,-0.00976278611484705,41.355388164520264
0.025778404908003146,-0.0011796648396982246,-0.009742434480416015,41.37896156311035
0.025778404908003146,-0.0011796648396982246,-0.009742434480416015,41.402673959732056
0.025489132932710303,-0.001179637588278326,-0.00976278611484705,41.42487549781799
0.025489132932710303,-0.001179637588278326,-0.00976278611484705,41.445919036865234
0.025489132932710303,-0.001179637588278326,-0.00976278611484705,41.47196960449219
0.025778404908003146,-0.0011796648396982246,-0.009742434480416015,41.51379680633545
0.025489132932710303,-0.001179637588278326,-0.00976278611484705,41.54010033607483
0.025778404908003146,-0.0011796648396982246,-0.009742434480416015,41.56245684623718
0.02579972472941882,-0.0010105819267167693,-0.009747301019336968,41.58500528335571
0.025778404908003146,-0.0011796648396982246,-0.009742434480416015,41.61587834358215
0.025489132932710303,-0.001179637588278326,-0.00976278611484705,41.64663577079773
0.025778404908003146,-0.0011796648396982246,-0.009742434480416015,41.670530796051025
0.025778404908003146,-0.0011796648396982246,-0.009742434480416015,41.705167055130005
0.025778404908003146,-0.0011796648396982246,-0.009742434480416015,41.73739981651306
0.025510237340635046,-0.0010102736381105981,-0.009767678385666166,41.75782752037048
0.02579972472941882,-0.0010105819267167693,-0.009747301019336968,41.77972888946533
0.025778404908003146,-0.0011796648396982246,-0.009742434480416015,41.80691909790039
0.025778404908003146,-0.0011796648396982246,-0.009742434480416015,41.8343448638916
0.025510237340635046,-0.0010102736381105981,-0.009767678385666166,41.855912923812866
0.02579972472941882,-0.0010105819267167693,-0.009747301019336968,41.88832664489746
0.025778404908003146,-0.0011796648396982246,-0.009742434480416015,41.92478084564209
0.025756023710614633,-0.001194755090849292,-0.009832518889969897,41.94682574272156
0.025778404908003146,-0.0011796648396982246,-0.009742434480416015,41.96905446052551
0.025778404908003146,-0.0011796648396982246,-0.009742434480416015,41.99193358421326
0.025778404908003146,-0.0011796648396982246,-0.009742434480416015,42.01852869987488
0.025778404908003146,-0.0011796648396982246,-0.009742434480416015,42.03996419906616
0.025778404908003146,-0.0011796648396982246,-0.009742434480416015,42.064332723617554
0.025778404908003146,-0.0011796648396982246,-0.009742434480416015,42.08837580680847
0.025489132932710303,-0.001179637588278326,-0.00976278611484705,42.11562395095825
0.025489132932710303,-0.001179637588278326,-0.00976278611484705,42.147247314453125
0.025778404908003146,-0.0011796648396982246,-0.009742434480416015,42.16753554344177
0.025489132932710303,-0.001179637588278326,-0.00976278611484705,42.192107915878296
0.025489132932710303,-0.001179637588278326,-0.00976278611484705,42.21157145500183
0.025778404908003146,-0.0011796648396982246,-0.009742434480416015,42.242358922958374
0.025778404908003146,-0.0011796648396982246,-0.009742434480416015,42.26505756378174
0.025778404908003146,-0.0011796648396982246,-0.009742434480416015,42.2909951210022
0.025778404908003146,-0.0011796648396982246,-0.009742434480416015,42.31416845321655
0.025778404908003146,-0.0011796648396982246,-0.009742434480416015,42.33745098114014
0.025489132932710303,-0.001179637588278326,-0.00976278611484705,42.367516040802
0.025489132932710303,-0.001179637588278326,-0.00976278611484705,42.38832688331604
0.025489132932710303,-0.001179637588278326,-0.00976278611484705,42.40890884399414
0.025489132932710303,-0.001179637588278326,-0.00976278611484705,42.43265461921692
0.025778404908003146,-0.0011796648396982246,-0.009742434480416015,42.46517086029053
0.025510237340635046,-0.0010102736381105981,-0.009767678385666166,42.49352169036865
0.025778404908003146,-0.0011796648396982246,-0.009742434480416015,42.51373887062073
0.02579972472941882,-0.0010105819267167693,-0.009747301019336968,42.53975963592529
0.025489132932710303,-0.001179637588278326,-0.00976278611484705,42.57151794433594
0.025489132932710303,-0.001179637588278326,-0.00976278611484705,42.603307008743286
0.025778404908003146,-0.0011796648396982246,-0.009742434480416015,42.63435435295105
0.02579972472941882,-0.0010105819267167693,-0.009747301019336968,42.66620230674744
0.025489132932710303,-0.001179637588278326,-0.00976278611484705,42.6866397857666
0.025489132932710303,-0.001179637588278326,-0.00976278611484705,42.712992429733276
0.025778404908003146,-0.0011796648396982246,-0.009742434480416015,42.735259771347046
0.025489132932710303,-0.001179637588278326,-0.00976278611484705,42.75998282432556
0.025489132932710303,-0.001179637588278326,-0.00976278611484705,42.78274846076965
0.025489132932710303,-0.001179637588278326,-0.00976278611484705,42.80034613609314
0.025489132932710303,-0.001179637588278326,-0.00976278611484705,42.82938814163208
0.025510237340635046,-0.0010102736381105981,-0.009767678385666166,42.85206413269043
0.02579972472941882,-0.0010105819267167693,-0.009747301019336968,42.88822841644287
0.025489132932710303,-0.001179637588278326,-0.00976278611484705,42.92066478729248
0.025778404908003146,-0.0011796648396982246,-0.009742434480416015,42.94957399368286
0.025778404908003146,-0.0011796648396982246,-0.009742434480416015,42.9698600769043
0.025778404908003146,-0.0011796648396982246,-0.009742434480416015,42.9978768825531
0.025778404908003146,-0.0011796648396982246,-0.009742434480416015,43.02612018585205
0.025778404908003146,-0.0011796648396982246,-0.009742434480416015,43.04564595222473
0.025778404908003146,-0.0011796648396982246,-0.009742434480416015,43.074016094207764
0.025778404908003146,-0.0011796648396982246,-0.009742434480416015,43.10488533973694
0.025489132932710303,-0.001179637588278326,-0.00976278611484705,43.1369206905365
0.025778404908003146,-0.0011796648396982246,-0.009742434480416015,43.168442487716675
0.02579972472941882,-0.0010105819267167693,-0.009747301019336968,43.20022654533386
0.025510237340635046,-0.0010102736381105981,-0.009767678385666166,43.222509145736694
0.025489132932710303,-0.001179637588278326,-0.00976278611484705,43.243409156799316
0.025778404908003146,-0.0011796648396982246,-0.009742434480416015,43.266708850860596
0.025778404908003146,-0.0011796648396982246,-0.009742434480416015,43.2927143573761
0.025778404908003146,-0.0011796648396982246,-0.009742434480416015,43.31818199157715
0.025756023710614633,-0.001194755090849292,-0.009832518889969897,43.340538024902344
0.025777359551974362,-0.001025668104004479,-0.009837460280146227,43.36829686164856
0.025489132932710303,-0.001179637588278326,-0.00976278611484705,43.391533851623535
0.025778404908003146,-0.0011796648396982246,-0.009742434480416015,43.42116594314575
0.025778404908003146,-0.0011796648396982246,-0.009742434480416015,43.45139956474304
0.025510237340635046,-0.0010102736381105981,-0.009767678385666166,43.47078585624695
0.025510237340635046,-0.0010102736381105981,-0.009767678385666166,43.49212837219238
0.025489132932710303,-0.001179637588278326,-0.00976278611484705,43.515482664108276
0.025489132932710303,-0.001179637588278326,-0.00976278611484705,43.53863263130188
0.025510237340635046,-0.0010102736381105981,-0.009767678385666166,43.57646942138672
0.02579972472941882,-0.0010105819267167693,-0.009747301019336968,43.5985746383667
0.025756023710614633,-0.001194755090849292,-0.009832518889969897,43.63645100593567
0.025778404908003146,-0.0011796648396982246,-0.009742434480416015,43.6594033241272
0.025778404908003146,-0.0011796648396982246,-0.009742434480416015,43.68437433242798
0.025778404908003146,-0.0011796648396982246,-0.009742434480416015,43.709718227386475
0.025778404908003146,-0.0011796648396982246,-0.009742434480416015,43.73103165626526
0.025778404908003146,-0.0011796648396982246,-0.009742434480416015,43.75642943382263
0.025778404908003146,-0.0011796648396982246,-0.009742434480416015,43.77948331832886
0.025510237340635046,-0.0010102736381105981,-0.009767678385666166,43.81132173538208
0.02579972472941882,-0.0010105819267167693,-0.009747301019336968,43.8432343006134
0.025778404908003146,-0.0011796648396982246,-0.009742434480416015,43.86289095878601
0.02579972472941882,-0.0010105819267167693,-0.009747301019336968,43.881444454193115
0.025778404908003146,-0.0011796648396982246,-0.009742434480416015,43.9106969833374
0.025778404908003146,-0.0011796648396982246,-0.009742434480416015,43.93760061264038
0.025510237340635046,-0.0010102736381105981,-0.009767678385666166,43.982309341430664
0.025489132932710303,-0.001179637588278326,-0.00976278611484705,43.99989318847656
0.025489132932710303,-0.001179637588278326,-0.00976278611484705,44.022839307785034
0.02579972472941882,-0.0010105819267167693,-0.009747301019336968,44.06118440628052
0.025778404908003146,-0.0011796648396982246,-0.009742434480416015,44.09745407104492
0.025778404908003146,-0.0011796648396982246,-0.009742434480416015,44.12298226356506
0.025778404908003146,-0.0011796648396982246,-0.009742434480416015,44.15572786331177
0.025778404908003146,-0.0011796648396982246,-0.009742434480416015,44.187220335006714
0.025778404908003146,-0.0011796648396982246,-0.009742434480416015,44.20751166343689
0.025778404908003146,-0.0011796648396982246,-0.009742434480416015,44.24208736419678
0.025778404908003146,-0.0011796648396982246,-0.009742434480416015,44.27075171470642
0.025778404908003146,-0.0011796648396982246,-0.009742434480416015,44.314239740371704
0.025489132932710303,-0.001179637588278326,-0.00976278611484705,44.33525109291077
0.025489132932710303,-0.001179637588278326,-0.00976278611484705,44.359222650527954
0.025489132932710303,-0.001179637588278326,-0.00976278611484705,44.37777280807495
0.025778404908003146,-0.0011796648396982246,-0.009742434480416015,44.405105113983154
0.02579972472941882,-0.0010105819267167693,-0.009747301019336968,44.42852807044983
0.02579972472941882,-0.0010105819267167693,-0.009747301019336968,44.45549392700195
0.025778404908003146,-0.0011796648396982246,-0.009742434480416015,44.47536873817444
0.025489132932710303,-0.001179637588278326,-0.00976278611484705,44.5059118270874
0.0254878963334334,-0.0010253345546760995,-0.00985783698666993,44.525566816329956
0.02579972472941882,-0.0010105819267167693,-0.009747301019336968,44.55929732322693
0.025489132932710303,-0.001179637588278326,-0.00976278611484705,44.5910210609436
0.02579972472941882,-0.0010105819267167693,-0.009747301019336968,44.6113760471344
0.025778404908003146,-0.0011796648396982246,-0.009742434480416015,44.641653537750244
0.02579972472941882,-0.0010105819267167693,-0.009747301019336968,44.66635227203369
0.025778404908003146,-0.0011796648396982246,-0.009742434480416015,44.685787200927734
0.025778404908003146,-0.0011796648396982246,-0.009742434480416015,44.71333599090576
0.025778404908003146,-0.0011796648396982246,-0.009742434480416015,44.7345814704895
0.025778404908003146,-0.0011796648396982246,-0.009742434480416015,44.75573706626892
0.02546677600710786,-0.00119470251818532,-0.009852869733813002,44.78636598587036
0.025778404908003146,-0.0011796648396982246,-0.009742434480416015,44.80611848831177
0.025489132932710303,-0.001179637588278326,-0.00976278611484705,44.82802748680115
0.025778404908003146,-0.0011796648396982246,-0.009742434480416015,44.85986351966858
0.025777359551974362,-0.001025668104004479,-0.009837460280146227,44.89569306373596
0.025778404908003146,-0.0011796648396982246,-0.009742434480416015,44.92589330673218
0.025778404908003146,-0.0011796648396982246,-0.009742434480416015,44.95793652534485
0.025510237340635046,-0.0010102736381105981,-0.009767678385666166,44.97884249687195
0.025778404908003146,-0.0011796648396982246,-0.009742434480416015,45.021857023239136
0.025778404908003146,-0.0011796648396982246,-0.009742434480416015,45.05362248420715
0.025778404908003146,-0.0011796648396982246,-0.009742434480416015,45.07443904876709
0.025778404908003146,-0.0011796648396982246,-0.009742434480416015,45.095996141433716
0.025778404908003146,-0.0011796648396982246,-0.009742434480416015,45.12091326713562
0.025778404908003146,-0.0011796648396982246,-0.009742434480416015,45.14865732192993
0.025510237340635046,-0.0010102736381105981,-0.009767678385666166,45.17860555648804
0.025489132932710303,-0.001179637588278326,-0.00976278611484705,45.20827794075012
0.02579972472941882,-0.0010105819267167693,-0.009747301019336968,45.235504150390625
0.025778404908003146,-0.0011796648396982246,-0.009742434480416015,45.259044885635376
0.025489132932710303,-0.001179637588278326,-0.00976278611484705,45.29263758659363
0.025756023710614633,-0.001194755090849292,-0.009832518889969897,45.33877635002136
0.025778404908003146,-0.0011796648396982246,-0.009742434480416015,45.35584020614624
0.025778404908003146,-0.0011796648396982246,-0.009742434480416015,45.38377046585083
0.025778404908003146,-0.0011796648396982246,-0.009742434480416015,45.41237163543701
0.025778404908003146,-0.0011796648396982246,-0.009742434480416015,45.43489956855774
0.025778404908003146,-0.0011796648396982246,-0.009742434480416015,45.45540690422058
0.025510237340635046,-0.0010102736381105981,-0.009767678385666166,45.483596324920654
0.025510237340635046,-0.0010102736381105981,-0.009767678385666166,45.513420820236206
0.025778404908003146,-0.0011796648396982246,-0.009742434480416015,45.53482127189636
0.025778404908003146,-0.0011796648396982246,-0.009742434480416015,45.56234359741211
0.025778404908003146,-0.0011796648396982246,-0.009742434480416015,45.59255003929138
0.025489132932710303,-0.001179637588278326,-0.00976278611484705,45.61428713798523
0.025489132932710303,-0.001179637588278326,-0.00976278611484705,45.63644790649414
0.025778404908003146,-0.0011796648396982246,-0.009742434480416015,45.657612800598145
0.025510237340635046,-0.0010102736381105981,-0.009767678385666166,45.68485736846924
0.025778404908003146,-0.0011796648396982246,-0.009742434480416015,45.705124616622925
0.025778404908003146,-0.0011796648396982246,-0.009742434480416015,45.72675371170044
0.025489132932710303,-0.001179637588278326,-0.00976278611484705,45.757216930389404
0.025778404908003146,-0.0011796648396982246,-0.009742434480416015,45.78284931182861
0.025756023710614633,-0.001194755090849292,-0.009832518889969897,45.80608582496643
0.025756023710614633,-0.001194755090849292,-0.009832518889969897,45.83198928833008
0.025778404908003146,-0.0011796648396982246,-0.009742434480416015,45.8628203868866
0.02546677600710786,-0.00119470251818532,-0.009852869733813002,45.90022873878479
0.025778404908003146,-0.0011796648396982246,-0.009742434480416015,45.93238568305969
0.025756023710614633,-0.001194755090849292,-0.009832518889969897,45.963067293167114
0.025778404908003146,-0.0011796648396982246,-0.009742434480416015,45.98378348350525
0.025778404908003146,-0.0011796648396982246,-0.009742434480416015,46.011406660079956
0.025778404908003146,-0.0011796648396982246,-0.009742434480416015,46.03510594367981
0.025778404908003146,-0.0011796648396982246,-0.009742434480416015,46.05704855918884
0.025778404908003146,-0.0011796648396982246,-0.009742434480416015,46.07701635360718
0.02579972472941882,-0.0010105819267167693,-0.009747301019336968,46.09641885757446
0.02579972472941882,-0.0010105819267167693,-0.009747301019336968,46.13234233856201
0.025778404908003146,-0.0011796648396982246,-0.009742434480416015,46.15603733062744
0.025778404908003146,-0.0011796648396982246,-0.009742434480416015,46.18096137046814
0.025489132932710303,-0.001179637588278326,-0.00976278611484705,46.20731830596924
0.025489132932710303,-0.001179637588278326,-0.00976278611484705,46.23365235328674
0.02579972472941882,-0.0010105819267167693,-0.009747301019336968,46.2522132396698
0.025778404908003146,-0.0011796648396982246,-0.009742434480416015,46.28245735168457
0.025778404908003146,-0.0011796648396982246,-0.009742434480416015,46.309892892837524
0.025778404908003146,-0.0011796648396982246,-0.009742434480416015,46.33112144470215
0.025778404908003146,-0.0011796648396982246,-0.009742434480416015,46.35605192184448
0.025778404908003146,-0.0011796648396982246,-0.009742434480416015,46.385241985321045
0.025778404908003146,-0.0011796648396982246,-0.009742434480416015,46.405768156051636
0.02579972472941882,-0.0010105819267167693,-0.009747301019336968,46.426283836364746
0.025510237340635046,-0.0010102736381105981,-0.009767678385666166,46.44889807701111
0.025510237340635046,-0.0010102736381105981,-0.009767678385666166,46.47381520271301
0.025778404908003146,-0.0011796648396982246,-0.009742434480416015,46.496753454208374
0.02546677600710786,-0.00119470251818532,-0.009852869733813002,46.52058458328247
0.025778404908003146,-0.0011796648396982246,-0.009742434480416015,46.54177665710449
0.025778404908003146,-0.0011796648396982246,-0.009742434480416015,46.569037199020386
0.025778404908003146,-0.0011796648396982246,-0.009742434480416015,46.59298872947693
0.025489132932710303,-0.001179637588278326,-0.00976278611484705,46.63223171234131
0.025778404908003146,-0.0011796648396982246,-0.009742434480416015,46.654048919677734
0.02579972472941882,-0.0010105819267167693,-0.009747301019336968,46.675060510635376
0.025489132932710303,-0.001179637588278326,-0.00976278611484705,46.71218752861023
0.0254878963334334,-0.0010253345546760995,-0.00985783698666993,46.74283146858215
0.02546677600710786,-0.00119470251818532,-0.009852869733813002,46.761892795562744
0.025778404908003146,-0.0011796648396982246,-0.009742434480416015,46.78463363647461
0.025778404908003146,-0.0011796648396982246,-0.009742434480416015,46.81544208526611
0.025778404908003146,-0.0011796648396982246,-0.009742434480416015,46.84642958641052
0.025778404908003146,-0.0011796648396982246,-0.009742434480416015,46.87104940414429
0.025778404908003146,-0.0011796648396982246,-0.009742434480416015,46.892354249954224
0.025778404908003146,-0.0011796648396982246,-0.009742434480416015,46.93009972572327
0.025778404908003146,-0.0011796648396982246,-0.009742434480416015,46.961334228515625
0.025778404908003146,-0.0011796648396982246,-0.009742434480416015,46.99325394630432
0.025778404908003146,-0.0011796648396982246,-0.009742434480416015,47.024394273757935
0.025778404908003146,-0.0011796648396982246,-0.009742434480416015,47.05674457550049
0.025489132932710303,-0.001179637588278326,-0.00976278611484705,47.0877788066864
0.025489132932710303,-0.001179637588278326,-0.00976278611484705,47.10853600502014
0.025778404908003146,-0.0011796648396982246,-0.009742434480416015,47.13485097885132
0.025778404908003146,-0.0011796648396982246,-0.009742434480416015,47.15389084815979
0.025489132932710303,-0.001179637588278326,-0.00976278611484705,47.1828339099884
0.025756023710614633,-0.001194755090849292,-0.009832518889969897,47.20208811759949
0.025489132932710303,-0.001179637588278326,-0.00976278611484705,47.24577522277832
0.025778404908003146,-0.0011796648396982246,-0.009742434480416015,47.26526927947998
0.025778404908003146,-0.0011796648396982246,-0.009742434480416015,47.30752754211426
0.025778404908003146,-0.0011796648396982246,-0.009742434480416015,47.33863663673401
0.025778404908003146,-0.0011796648396982246,-0.009742434480416015,47.35760188102722
0.025778404908003146,-0.0011796648396982246,-0.009742434480416015,47.37758731842041
0.025778404908003146,-0.0011796648396982246,-0.009742434480416015,47.41020441055298
0.025778404908003146,-0.0011796648396982246,-0.009742434480416015,47.431885719299316
0.025778404908003146,-0.0011796648396982246,-0.009742434480416015,47.46296811103821
0.02579972472941882,-0.0010105819267167693,-0.009747301019336968,47.48278856277466
0.02579972472941882,-0.0010105819267167693,-0.009747301019336968,47.5110137462616
0.025778404908003146,-0.0011796648396982246,-0.009742434480416015,47.537883281707764
0.025778404908003146,-0.0011796648396982246,-0.009742434480416015,47.56159210205078
0.025778404908003146,-0.0011796648396982246,-0.009742434480416015,47.582024812698364
0.025489132932710303,-0.001179637588278326,-0.00976278611484705,47.60829424858093
0.025778404908003146,-0.0011796648396982246,-0.009742434480416015,47.640069246292114
0.025778404908003146,-0.0011796648396982246,-0.009742434480416015,47.660112619400024
0.025778404908003146,-0.0011796648396982246,-0.009742434480416015,47.68723440170288
0.025778404908003146,-0.0011796648396982246,-0.009742434480416015,47.70852065086365
0.025489132932710303,-0.001179637588278326,-0.00976278611484705,47.731452226638794
0.025489132932710303,-0.001179637588278326,-0.00976278611484705,47.75141525268555
0.025778404908003146,-0.0011796648396982246,-0.009742434480416015,47.77158808708191
0.02579972472941882,-0.0010105819267167693,-0.009747301019336968,47.80502009391785
0.025778404908003146,-0.0011796648396982246,-0.009742434480416015,47.82850646972656
0.025778404908003146,-0.0011796648396982246,-0.009742434480416015,47.857455253601074
0.025778404908003146,-0.0011796648396982246,-0.009742434480416015,47.882291078567505
0.025489132932710303,-0.001179637588278326,-0.00976278611484705,47.915080308914185
0.025778404908003146,-0.0011796648396982246,-0.009742434480416015,47.944252729415894
0.025778404908003146,-0.0011796648396982246,-0.009742434480416015,47.96469759941101
0.025778404908003146,-0.0011796648396982246,-0.009742434480416015,47.99730396270752
0.025778404908003146,-0.0011796648396982246,-0.009742434480416015,48.02372765541077
0.02579972472941882,-0.0010105819267167693,-0.009747301019336968,48.04656004905701
0.025756023710614633,-0.001194755090849292,-0.009832518889969897,48.0769419670105
0.025778404908003146,-0.0011796648396982246,-0.009742434480416015,48.10021138191223
0.025778404908003146,-0.0011796648396982246,-0.009742434480416015,48.12435722351074
0.025778404908003146,-0.0011796648396982246,-0.009742434480416015,48.14516639709473
0.025778404908003146,-0.0011796648396982246,-0.009742434480416015,48.16882038116455
0.025489132932710303,-0.001179637588278326,-0.00976278611484705,48.201316118240356
0.025489132932710303,-0.001179637588278326,-0.00976278611484705,48.23106360435486
0.025778404908003146,-0.0011796648396982246,-0.009742434480416015,48.256338357925415
0.025778404908003146,-0.0011796648396982246,-0.009742434480416015,48.282426595687866
0.025778404908003146,-0.0011796648396982246,-0.009742434480416015,48.31077194213867
0.025778404908003146,-0.0011796648396982246,-0.009742434480416015,48.34229302406311
0.025489132932710303,-0.001179637588278326,-0.00976278611484705,48.37676978111267
0.025778404908003146,-0.0011796648396982246,-0.009742434480416015,48.40489411354065
0.025778404908003146,-0.0011796648396982246,-0.009742434480416015,48.43641495704651
0.02579972472941882,-0.0010105819267167693,-0.009747301019336968,48.45592546463013
0.025778404908003146,-0.0011796648396982246,-0.009742434480416015,48.478336572647095
0.025489132932710303,-0.001179637588278326,-0.00976278611484705,48.502543926239014
0.025489132932710303,-0.001179637588278326,-0.00976278611484705,48.52547097206116
0.025778404908003146,-0.0011796648396982246,-0.009742434480416015,48.549474239349365
0.025489132932710303,-0.001179637588278326,-0.00976278611484705,48.57129716873169
0.025778404908003146,-0.0011796648396982246,-0.009742434480416015,48.5951931476593
0.025778404908003146,-0.0011796648396982246,-0.009742434480416015,48.625744342803955
0.025778404908003146,-0.0011796648396982246,-0.009742434480416015,48.649309158325195
0.025778404908003146,-0.0011796648396982246,-0.009742434480416015,48.67910885810852
0.025778404908003146,-0.0011796648396982246,-0.009742434480416015,48.70230269432068
0.025778404908003146,-0.0011796648396982246,-0.009742434480416015,48.72666096687317
0.025778404908003146,-0.0011796648396982246,-0.009742434480416015,48.75788450241089
0.025778404908003146,-0.0011796648396982246,-0.009742434480416015,48.79008483886719
0.025489132932710303,-0.001179637588278326,-0.00976278611484705,48.810335874557495
0.025510237340635046,-0.0010102736381105981,-0.009767678385666166,48.83236598968506
0.025778404908003146,-0.0011796648396982246,-0.009742434480416015,48.861857652664185
0.025777359551974362,-0.001025668104004479,-0.009837460280146227,48.89130258560181
0.025510237340635046,-0.0010102736381105981,-0.009767678385666166,48.92240881919861
0.025778404908003146,-0.0011796648396982246,-0.009742434480416015,48.94673442840576
0.025489132932710303,-0.001179637588278326,-0.00976278611484705,48.98146963119507
0.02579972472941882,-0.0010105819267167693,-0.009747301019336968,49.00477170944214
0.02579972472941882,-0.0010105819267167693,-0.009747301019336968,49.03487586975098
0.025778404908003146,-0.0011796648396982246,-0.009742434480416015,49.056862354278564
0.025489132932710303,-0.001179637588278326,-0.00976278611484705,49.07890295982361
0.025489132932710303,-0.001179637588278326,-0.00976278611484705,49.105940103530884
0.025778404908003146,-0.0011796648396982246,-0.009742434480416015,49.12892746925354
0.025778404908003146,-0.0011796648396982246,-0.009742434480416015,49.151742935180664
0.025489132932710303,-0.001179637588278326,-0.00976278611484705,49.17970037460327
0.02579972472941882,-0.0010105819267167693,-0.009747301019336968,49.204025745391846
0.025510237340635046,-0.0010102736381105981,-0.009767678385666166,49.23428010940552
0.02579972472941882,-0.0010105819267167693,-0.009747301019336968,49.25905132293701
0.02579972472941882,-0.0010105819267167693,-0.009747301019336968,49.2802996635437
0.025778404908003146,-0.0011796648396982246,-0.009742434480416015,49.30497145652771
0.025778404908003146,-0.0011796648396982246,-0.009742434480416015,49.33476543426514
0.025489132932710303,-0.001179637588278326,-0.00976278611484705,49.36630582809448
0.025489132932710303,-0.001179637588278326,-0.00976278611484705,49.39869475364685
0.025489132932710303,-0.001179637588278326,-0.00976278611484705,49.419323444366455
0.025489132932710303,-0.001179637588278326,-0.00976278611484705,49.436734437942505
0.02579972472941882,-0.0010105819267167693,-0.009747301019336968,49.47112774848938
0.02579972472941882,-0.0010105819267167693,-0.009747301019336968,49.48972821235657
0.025778404908003146,-0.0011796648396982246,-0.009742434480416015,49.5160186290741
0.025778404908003146,-0.0011796648396982246,-0.009742434480416015,49.54075884819031
0.025489132932710303,-0.001179637588278326,-0.00976278611484705,49.56762385368347
0.025778404908003146,-0.0011796648396982246,-0.009742434480416015,49.58861446380615
0.025489132932710303,-0.001179637588278326,-0.00976278611484705,49.619479179382324
0.02579972472941882,-0.0010105819267167693,-0.009747301019336968,49.64309120178223
0.025489132932710303,-0.001179637588278326,-0.00976278611484705,49.67231631278992
0.025778404908003146,-0.0011796648396982246,-0.009742434480416015,49.711973905563354
0.025778404908003146,-0.0011796648396982246,-0.009742434480416015,49.73105502128601
0.025778404908003146,-0.0011796648396982246,-0.009742434480416015,49.75409817695618
0.025778404908003146,-0.0011796648396982246,-0.009742434480416015,49.78478527069092
0.025489132932710303,-0.001179637588278326,-0.00976278611484705,49.80779552459717
0.025778404908003146,-0.0011796648396982246,-0.009742434480416015,49.83082175254822
0.025778404908003146,-0.0011796648396982246,-0.009742434480416015,49.85412883758545
0.02579972472941882,-0.0010105819267167693,-0.009747301019336968,49.876888275146484
0.02579972472941882,-0.0010105819267167693,-0.009747301019336968,49.90453553199768
0.025778404908003146,-0.0011796648396982246,-0.009742434480416015,49.93425154685974
0.025778404908003146,-0.0011796648396982246,-0.009742434480416015,49.95400619506836
0.025510237340635046,-0.0010102736381105981,-0.009767678385666166,49.98273801803589
0.025510237340635046,-0.0010102736381105981,-0.009767678385666166,50.012160539627075
0.025778404908003146,-0.0011796648396982246,-0.009742434480416015,50.04513239860535
0.025778404908003146,-0.0011796648396982246,-0.009742434480416015,50.07711124420166
0.025778404908003146,-0.0011796648396982246,-0.009742434480416015,50.106783866882324
0.025510237340635046,-0.0010102736381105981,-0.009767678385666166,50.14296340942383
0.025489132932710303,-0.001179637588278326,-0.00976278611484705,50.17166304588318
0.025489132932710303,-0.001179637588278326,-0.00976278611484705,50.20246410369873
0.02579972472941882,-0.0010105819267167693,-0.009747301019336968,50.23550200462341
0.025778404908003146,-0.0011796648396982246,-0.009742434480416015,50.2594940662384
0.025778404908003146,-0.0011796648396982246,-0.009742434480416015,50.28272843360901
0.025778404908003146,-0.0011796648396982246,-0.009742434480416015,50.31115961074829
0.02579972472941882,-0.0010105819267167693,-0.009747301019336968,50.33375549316406
0.025489132932710303,-0.001179637588278326,-0.00976278611484705,50.37706732749939
0.025778404908003146,-0.0011796648396982246,-0.009742434480416015,50.40836954116821
0.025778404908003146,-0.0011796648396982246,-0.009742434480416015,50.42674779891968
0.025489132932710303,-0.001179637588278326,-0.00976278611484705,50.450620889663696
0.025489132932710303,-0.001179637588278326,-0.00976278611484705,50.47580933570862
0.025778404908003146,-0.0011796648396982246,-0.009742434480416015,50.50467777252197
0.025489132932710303,-0.001179637588278326,-0.00976278611484705,50.52401304244995
0.025778404908003146,-0.0011796648396982246,-0.009742434480416015,50.551334381103516
0.025778404908003146,-0.0011796648396982246,-0.009742434480416015,50.574973821640015
0.025778404908003146,-0.0011796648396982246,-0.009742434480416015,50.59731316566467
0.025489132932710303,-0.001179637588278326,-0.00976278611484705,50.628840923309326
0.025489132932710303,-0.001179637588278326,-0.00976278611484705,50.652520179748535
0.025778404908003146,-0.0011796648396982246,-0.009742434480416015,50.676984548568726
0.025778404908003146,-0.0011796648396982246,-0.009742434480416015,50.70353579521179
0.025489132932710303,-0.001179637588278326,-0.00976278611484705,50.72541046142578
0.025778404908003146,-0.0011796648396982246,-0.009742434480416015,50.748653173446655
0.025489132932710303,-0.001179637588278326,-0.00976278611484705,50.77550959587097
0.025778404908003146,-0.0011796648396982246,-0.009742434480416015,50.80069088935852
0.025778404908003146,-0.0011796648396982246,-0.009742434480416015,50.82432842254639
0.025778404908003146,-0.0011796648396982246,-0.009742434480416015,50.86409258842468
0.025756023710614633,-0.001194755090849292,-0.009832518889969897,50.89550590515137
0.025489132932710303,-0.001179637588278326,-0.00976278611484705,50.92693519592285
0.025489132932710303,-0.001179637588278326,-0.00976278611484705,50.95727014541626
0.025778404908003146,-0.0011796648396982246,-0.009742434480416015,50.98028635978699
0.025778404908003146,-0.0011796648396982246,-0.009742434480416015,51.00713491439819
0.025778404908003146,-0.0011796648396982246,-0.009742434480416015,51.034767866134644
0.025778404908003146,-0.0011796648396982246,-0.009742434480416015,51.05470585823059
0.025778404908003146,-0.0011796648396982246,-0.009742434480416015,51.0796537399292
0.025489132932710303,-0.001179637588278326,-0.00976278611484705,51.100446462631226
0.025489132932710303,-0.001179637588278326,-0.00976278611484705,51.13266324996948
0.025510237340635046,-0.0010102736381105981,-0.009767678385666166,51.156715869903564
0.025777359551974362,-0.001025668104004479,-0.009837460280146227,51.178860664367676
0.025778404908003146,-0.0011796648396982246,-0.009742434480416015,51.198805809020996
0.025510237340635046,-0.0010102736381105981,-0.009767678385666166,51.228588581085205
0.025489132932710303,-0.001179637588278326,-0.00976278611484705,51.251185178756714
0.02579972472941882,-0.0010105819267167693,-0.009747301019336968,51.279359340667725
0.025778404908003146,-0.0011796648396982246,-0.009742434480416015,51.302897453308105
0.025778404908003146,-0.0011796648396982246,-0.009742434480416015,51.33181095123291
0.025510237340635046,-0.0010102736381105981,-0.009767678385666166,51.358009338378906
0.02579972472941882,-0.0010105819267167693,-0.009747301019336968,51.380685567855835
0.025778404908003146,-0.0011796648396982246,-0.009742434480416015,51.40630626678467
0.02579972472941882,-0.0010105819267167693,-0.009747301019336968,51.42912817001343
0.025778404908003146,-0.0011796648396982246,-0.009742434480416015,51.45920538902283
0.025778404908003146,-0.0011796648396982246,-0.009742434480416015,51.47944092750549
0.02579972472941882,-0.0010105819267167693,-0.009747301019336968,51.50959277153015
0.025489132932710303,-0.001179637588278326,-0.00976278611484705,51.534313440322876
0.025489132932710303,-0.001179637588278326,-0.00976278611484705,51.563512563705444
0.025778404908003146,-0.0011796648396982246,-0.009742434480416015,51.585798025131226
0.025778404908003146,-0.0011796648396982246,-0.009742434480416015,51.60976767539978
0.025778404908003146,-0.0011796648396982246,-0.009742434480416015,51.638877391815186
0.025778404908003146,-0.0011796648396982246,-0.009742434480416015,51.66579580307007
0.025778404908003146,-0.0011796648396982246,-0.009742434480416015,51.692819118499756
0.025489132932710303,-0.001179637588278326,-0.00976278611484705,51.71524381637573
0.025778404908003146,-0.0011796648396982246,-0.009742434480416015,51.7452609539032
0.025778404908003146,-0.0011796648396982246,-0.009742434480416015,51.7638041973114
0.025778404908003146,-0.0011796648396982246,-0.009742434480416015,51.78509044647217
0.025489132932710303,-0.001179637588278326,-0.00976278611484705,51.808358907699585
0.025489132932710303,-0.001179637588278326,-0.00976278611484705,51.837913036346436
0.025778404908003146,-0.0011796648396982246,-0.009742434480416015,51.860090494155884
0.02579972472941882,-0.0010105819267167693,-0.009747301019336968,51.893590688705444
0.025778404908003146,-0.0011796648396982246,-0.009742434480416015,51.916064977645874
0.025778404908003146,-0.0011796648396982246,-0.009742434480416015,51.94236874580383
0.025489132932710303,-0.001179637588278326,-0.00976278611484705,51.96468186378479
0.025778404908003146,-0.0011796648396982246,-0.009742434480416015,51.98675084114075
0.025778404908003146,-0.0011796648396982246,-0.009742434480416015,52.02153038978577
0.025778404908003146,-0.0011796648396982246,-0.009742434480416015,52.0466845035553
0.025778404908003146,-0.0011796648396982246,-0.009742434480416015,52.065962076187134
0.02579972472941882,-0.0010105819267167693,-0.009747301019336968,52.089637756347656
0.02579972472941882,-0.0010105819267167693,-0.009747301019336968,52.124157190322876
0.025778404908003146,-0.0011796648396982246,-0.009742434480416015,52.1550726890564
0.025778404908003146,-0.0011796648396982246,-0.009742434480416015,52.18697452545166
0.025778404908003146,-0.0011796648396982246,-0.009742434480416015,52.20737266540527
0.02579972472941882,-0.0010105819267167693,-0.009747301019336968,52.24854493141174
0.02579972472941882,-0.0010105819267167693,-0.009747301019336968,52.28009343147278
0.025778404908003146,-0.0011796648396982246,-0.009742434480416015,52.311705350875854
0.02546677600710786,-0.00119470251818532,-0.009852869733813002,52.3407518863678
0.025489132932710303,-0.001179637588278326,-0.00976278611484705,52.3750114440918
0.025778404908003146,-0.0011796648396982246,-0.009742434480416015,52.39666271209717
0.025756023710614633,-0.001194755090849292,-0.009832518889969897,52.41562604904175
0.025777359551974362,-0.001025668104004479,-0.009837460280146227,52.442232608795166
0.025778404908003146,-0.0011796648396982246,-0.009742434480416015,52.46283769607544
0.025489132932710303,-0.001179637588278326,-0.00976278611484705,52.48875284194946
0.025510237340635046,-0.0010102736381105981,-0.009767678385666166,52.514724016189575
0.025489132932710303,-0.001179637588278326,-0.00976278611484705,52.535715103149414
0.025778404908003146,-0.0011796648396982246,-0.009742434480416015,52.561517000198364
0.025489132932710303,-0.001179637588278326,-0.00976278611484705,52.58869695663452
0.025778404908003146,-0.0011796648396982246,-0.009742434480416015,52.61268329620361
0.025489132932710303,-0.001179637588278326,-0.00976278611484705,52.64575958251953
0.025778404908003146,-0.0011796648396982246,-0.009742434480416015,52.66892600059509
0.02579972472941882,-0.0010105819267167693,-0.009747301019336968,52.69214606285095
0.02579972472941882,-0.0010105819267167693,-0.009747301019336968,52.71715831756592
0.02579972472941882,-0.0010105819267167693,-0.009747301019336968,52.738587856292725
0.025756023710614633,-0.001194755090849292,-0.009832518889969897,52.78017616271973
0.025778404908003146,-0.0011796648396982246,-0.009742434480416015,52.81064581871033
0.025778404908003146,-0.0011796648396982246,-0.009742434480416015,52.83222055435181
0.025756023710614633,-0.001194755090849292,-0.009832518889969897,52.854264974594116
0.025778404908003146,-0.0011796648396982246,-0.009742434480416015,52.879698753356934
0.025778404908003146,-0.0011796648396982246,-0.009742434480416015,52.90515494346619
0.025489132932710303,-0.001179637588278326,-0.00976278611484705,52.937596797943115
0.025510237340635046,-0.0010102736381105981,-0.009767678385666166,52.95579385757446
0.025777359551974362,-0.001025668104004479,-0.009837460280146227,52.97938585281372
0.025777359551974362,-0.001025668104004479,-0.009837460280146227,53.002174377441406
0.025778404908003146,-0.0011796648396982246,-0.009742434480416015,53.02364182472229
0.025778404908003146,-0.0011796648396982246,-0.009742434480416015,53.04827952384949
0.02579972472941882,-0.0010105819267167693,-0.009747301019336968,53.0683867931366
0.025489132932710303,-0.001179637588278326,-0.00976278611484705,53.09327292442322
0.025778404908003146,-0.0011796648396982246,-0.009742434480416015,53.11806058883667
0.025489132932710303,-0.001179637588278326,-0.00976278611484705,53.156665563583374
0.025489132932710303,-0.001179637588278326,-0.00976278611484705,53.187904834747314
0.025778404908003146,-0.0011796648396982246,-0.009742434480416015,53.23397898674011
0.025778404908003146,-0.0011796648396982246,-0.009742434480416015,53.253682136535645
0.025778404908003146,-0.0011796648396982246,-0.009742434480416015,53.27643918991089
0.025489132932710303,-0.001179637588278326,-0.00976278611484705,53.2991738319397
0.025778404908003146,-0.0011796648396982246,-0.009742434480416015,53.32988524436951
0.025778404908003146,-0.0011796648396982246,-0.009742434480416015,53.36159896850586
0.025778404908003146,-0.0011796648396982246,-0.009742434480416015,53.383849143981934
0.025778404908003146,-0.0011796648396982246,-0.009742434480416015,53.40856409072876
0.025778404908003146,-0.0011796648396982246,-0.009742434480416015,53.434388637542725
0.025778404908003146,-0.0011796648396982246,-0.009742434480416015,53.467873334884644
0.025778404908003146,-0.0011796648396982246,-0.009742434480416015,53.49091553688049
0.025778404908003146,-0.0011796648396982246,-0.009742434480416015,53.51758313179016
0.025489132932710303,-0.001179637588278326,-0.00976278611484705,53.549200773239136
0.025778404908003146,-0.0011796648396982246,-0.009742434480416015,53.580939292907715
0.025778404908003146,-0.0011796648396982246,-0.009742434480416015,53.60024356842041
0.025778404908003146,-0.0011796648396982246,-0.009742434480416015,53.620073318481445
0.025489132932710303,-0.001179637588278326,-0.00976278611484705,53.65402865409851
0.025778404908003146,-0.0011796648396982246,-0.009742434480416015,53.68535757064819
0.025778404908003146,-0.0011796648396982246,-0.009742434480416015,53.71039438247681
0.025778404908003146,-0.0011796648396982246,-0.009742434480416015,53.73258686065674
0.025778404908003146,-0.0011796648396982246,-0.009742434480416015,53.76407170295715
0.025778404908003146,-0.0011796648396982246,-0.009742434480416015,53.78665280342102
0.025778404908003146,-0.0011796648396982246,-0.009742434480416015,53.81206655502319
0.025778404908003146,-0.0011796648396982246,-0.009742434480416015,53.835331201553345
0.025778404908003146,-0.0011796648396982246,-0.009742434480416015,53.85543084144592
0.025489132932710303,-0.001179637588278326,-0.00976278611484705,53.881863594055176
0.025778404908003146,-0.0011796648396982246,-0.009742434480416015,53.90924835205078
0.025778404908003146,-0.0011796648396982246,-0.009742434480416015,53.93435597419739
0.02546677600710786,-0.00119470251818532,-0.009852869733813002,53.967819690704346
0.025778404908003146,-0.0011796648396982246,-0.009742434480416015,53.99553060531616
0.025489132932710303,-0.001179637588278326,-0.00976278611484705,54.03436541557312
0.025489132932710303,-0.001179637588278326,-0.00976278611484705,54.06646704673767
0.025778404908003146,-0.0011796648396982246,-0.009742434480416015,54.08565878868103
0.025778404908003146,-0.0011796648396982246,-0.009742434480416015,54.1079044342041
0.025778404908003146,-0.0011796648396982246,-0.009742434480416015,54.13909316062927
0.025756023710614633,-0.001194755090849292,-0.009832518889969897,54.16604042053223
0.025489132932710303,-0.001179637588278326,-0.00976278611484705,54.18977355957031
0.025489132932710303,-0.001179637588278326,-0.00976278611484705,54.21730661392212
0.025778404908003146,-0.0011796648396982246,-0.009742434480416015,54.24066638946533
0.025778404908003146,-0.0011796648396982246,-0.009742434480416015,54.27241587638855
0.025489132932710303,-0.001179637588278326,-0.00976278611484705,54.303375005722046
0.025489132932710303,-0.001179637588278326,-0.00976278611484705,54.32488012313843
0.025778404908003146,-0.0011796648396982246,-0.009742434480416015,54.34756946563721
0.025489132932710303,-0.001179637588278326,-0.00976278611484705,54.36920666694641
0.02546677600710786,-0.00119470251818532,-0.009852869733813002,54.396647930145264
0.025778404908003146,-0.0011796648396982246,-0.009742434480416015,54.42245173454285
0.025756023710614633,-0.001194755090849292,-0.009832518889969897,54.44531297683716
0.025778404908003146,-0.0011796648396982246,-0.009742434480416015,54.46734428405762
0.025756023710614633,-0.001194755090849292,-0.009832518889969897,54.49679613113403
0.025756023710614633,-0.001194755090849292,-0.009832518889969897,54.52289342880249
0.025778404908003146,-0.0011796648396982246,-0.009742434480416015,54.54486036300659
0.025778404908003146,-0.0011796648396982246,-0.009742434480416015,54.57636594772339
0.025489132932710303,-0.001179637588278326,-0.00976278611484705,54.599021673202515
0.025489132932710303,-0.001179637588278326,-0.00976278611484705,54.62355279922485
0.025489132932710303,-0.001179637588278326,-0.00976278611484705,54.648953914642334
0.025756023710614633,-0.001194755090849292,-0.009832518889969897,54.68185067176819
0.025778404908003146,-0.0011796648396982246,-0.009742434480416015,54.704397439956665
0.025778404908003146,-0.0011796648396982246,-0.009742434480416015,54.72616696357727
0.025778404908003146,-0.0011796648396982246,-0.009742434480416015,54.75511622428894
0.025778404908003146,-0.0011796648396982246,-0.009742434480416015,54.77916502952576
0.025778404908003146,-0.0011796648396982246,-0.009742434480416015,54.80138325691223
0.025489132932710303,-0.001179637588278326,-0.00976278611484705,54.82564997673035
0.025778404908003146,-0.0011796648396982246,-0.009742434480416015,54.85664367675781
0.025756023710614633,-0.001194755090849292,-0.009832518889969897,54.880940675735474
0.025778404908003146,-0.0011796648396982246,-0.009742434480416015,54.90333914756775
0.025756023710614633,-0.001194755090849292,-0.009832518889969897,54.92422008514404
0.025778404908003146,-0.0011796648396982246,-0.009742434480416015,54.96173548698425
0.025489132932710303,-0.001179637588278326,-0.00976278611484705,54.986968994140625
0.025756023710614633,-0.001194755090849292,-0.009832518889969897,55.01418113708496
0.025489132932710303,-0.001179637588278326,-0.00976278611484705,55.03596305847168
0.025777359551974362,-0.001025668104004479,-0.009837460280146227,55.06052207946777
0.025778404908003146,-0.0011796648396982246,-0.009742434480416015,55.106887340545654
0.02579972472941882,-0.0010105819267167693,-0.009747301019336968,55.12773609161377
0.025778404908003146,-0.0011796648396982246,-0.009742434480416015,55.15478277206421
0.02579972472941882,-0.0010105819267167693,-0.009747301019336968,55.176339626312256
0.02579972472941882,-0.0010105819267167693,-0.009747301019336968,55.203819036483765
0.025756023710614633,-0.001194755090849292,-0.009832518889969897,55.23354125022888
0.025778404908003146,-0.0011796648396982246,-0.009742434480416015,55.2566602230072
0.025778404908003146,-0.0011796648396982246,-0.009742434480416015,55.274694204330444
0.025489132932710303,-0.001179637588278326,-0.00976278611484705,55.29895615577698
0.025510237340635046,-0.0010102736381105981,-0.009767678385666166,55.33114576339722
0.02579972472941882,-0.0010105819267167693,-0.009747301019336968,55.36094117164612
0.025778404908003146,-0.0011796648396982246,-0.009742434480416015,55.38326072692871
0.025778404908003146,-0.0011796648396982246,-0.009742434480416015,55.40468788146973
0.02546677600710786,-0.00119470251818532,-0.009852869733813002,55.432679176330566
0.025778404908003146,-0.0011796648396982246,-0.009742434480416015,55.455745220184326
0.025778404908003146,-0.0011796648396982246,-0.009742434480416015,55.4854793548584
0.025778404908003146,-0.0011796648396982246,-0.009742434480416015,55.51058769226074
0.025778404908003146,-0.0011796648396982246,-0.009742434480416015,55.53479766845703
0.025778404908003146,-0.0011796648396982246,-0.009742434480416015,55.562408685684204
0.025778404908003146,-0.0011796648396982246,-0.009742434480416015,55.59322166442871
0.025778404908003146,-0.0011796648396982246,-0.009742434480416015,55.62527108192444
0.025778404908003146,-0.0011796648396982246,-0.009742434480416015,55.646873474121094
0.025489132932710303,-0.001179637588278326,-0.00976278611484705,55.66875505447388
0.025778404908003146,-0.0011796648396982246,-0.009742434480416015,55.70179486274719
0.02579972472941882,-0.0010105819267167693,-0.009747301019336968,55.72964572906494
0.025489132932710303,-0.001179637588278326,-0.00976278611484705,55.74921679496765
0.025489132932710303,-0.001179637588278326,-0.00976278611484705,55.772873878479004
0.025778404908003146,-0.0011796648396982246,-0.009742434480416015,55.79562520980835
0.025778404908003146,-0.0011796648396982246,-0.009742434480416015,55.82940721511841
0.025510237340635046,-0.0010102736381105981,-0.009767678385666166,55.85993432998657
0.025489132932710303,-0.001179637588278326,-0.00976278611484705,55.89075946807861
0.025489132932710303,-0.001179637588278326,-0.00976278611484705,55.92182159423828
0.025510237340635046,-0.0010102736381105981,-0.009767678385666166,55.942241191864014
0.025489132932710303,-0.001179637588278326,-0.00976278611484705,55.96470284461975
0.02579972472941882,-0.0010105819267167693,-0.009747301019336968,55.99887132644653
0.025489132932710303,-0.001179637588278326,-0.00976278611484705,56.02705407142639
0.025778404908003146,-0.0011796648396982246,-0.009742434480416015,56.052340269088745
0.025778404908003146,-0.0011796648396982246,-0.009742434480416015,56.07633948326111
0.025778404908003146,-0.0011796648396982246,-0.009742434480416015,56.100586891174316
0.025489132932710303,-0.001179637588278326,-0.00976278611484705,56.12402319908142
0.025489132932710303,-0.001179637588278326,-0.00976278611484705,56.149343729019165
0.02579972472941882,-0.0010105819267167693,-0.009747301019336968,56.173800230026245
0.025778404908003146,-0.0011796648396982246,-0.009742434480416015,56.19341969490051
0.025756023710614633,-0.001194755090849292,-0.009832518889969897,56.222758293151855
0.025778404908003146,-0.0011796648396982246,-0.009742434480416015,56.249245166778564
0.025778404908003146,-0.0011796648396982246,-0.009742434480416015,56.27263307571411
0.025489132932710303,-0.001179637588278326,-0.00976278611484705,56.296022176742554
0.025778404908003146,-0.0011796648396982246,-0.009742434480416015,56.32741403579712
0.025778404908003146,-0.0011796648396982246,-0.009742434480416015,56.34806704521179
0.025489132932710303,-0.001179637588278326,-0.00976278611484705,56.36960983276367
0.025778404908003146,-0.0011796648396982246,-0.009742434480416015,56.39895033836365
0.025778404908003146,-0.0011796648396982246,-0.009742434480416015,56.425028562545776
0.025778404908003146,-0.0011796648396982246,-0.009742434480416015,56.454981327056885
0.025778404908003146,-0.0011796648396982246,-0.009742434480416015,56.47796297073364
0.025778404908003146,-0.0011796648396982246,-0.009742434480416015,56.50293755531311
0.025778404908003146,-0.0011796648396982246,-0.009742434480416015,56.52942657470703
0.025778404908003146,-0.0011796648396982246,-0.009742434480416015,56.560551166534424
0.025778404908003146,-0.0011796648396982246,-0.009742434480416015,56.58164882659912
0.0254878963334334,-0.0010253345546760995,-0.00985783698666993,56.60742378234863
0.025489132932710303,-0.001179637588278326,-0.00976278611484705,56.628849029541016
0.025778404908003146,-0.0011796648396982246,-0.009742434480416015,56.659042835235596
0.025778404908003146,-0.0011796648396982246,-0.009742434480416015,56.6856255531311
0.025489132932710303,-0.001179637588278326,-0.00976278611484705,56.71001720428467
0.025489132932710303,-0.001179637588278326,-0.00976278611484705,56.7346248626709
0.025510237340635046,-0.0010102736381105981,-0.009767678385666166,56.76165747642517
0.025778404908003146,-0.0011796648396982246,-0.009742434480416015,56.79505181312561
0.025489132932710303,-0.001179637588278326,-0.00976278611484705,56.82863163948059
0.025489132932710303,-0.001179637588278326,-0.00976278611484705,56.84544014930725
0.025778404908003146,-0.0011796648396982246,-0.009742434480416015,56.869354486465454
0.025778404908003146,-0.0011796648396982246,-0.009742434480416015,56.896687507629395
0.025778404908003146,-0.0011796648396982246,-0.009742434480416015,56.91959261894226
0.025778404908003146,-0.0011796648396982246,-0.009742434480416015,56.943439960479736
0.025489132932710303,-0.001179637588278326,-0.00976278611484705,56.97026443481445
0.025778404908003146,-0.0011796648396982246,-0.009742434480416015,57.00511431694031
0.025510237340635046,-0.0010102736381105981,-0.009767678385666166,57.033435583114624
0.02579972472941882,-0.0010105819267167693,-0.009747301019336968,57.06291937828064
0.025489132932710303,-0.001179637588278326,-0.00976278611484705,57.096635818481445
0.025778404908003146,-0.0011796648396982246,-0.009742434480416015,57.126941204071045
0.025489132932710303,-0.001179637588278326,-0.00976278611484705,57.148415327072144
0.025489132932710303,-0.001179637588278326,-0.00976278611484705,57.16942024230957
0.025778404908003146,-0.0011796648396982246,-0.009742434480416015,57.20197606086731
0.025778404908003146,-0.0011796648396982246,-0.009742434480416015,57.22959065437317
0.025778404908003146,-0.0011796648396982246,-0.009742434480416015,57.25319194793701
0.025489132932710303,-0.001179637588278326,-0.00976278611484705,57.280221939086914
0.025778404908003146,-0.0011796648396982246,-0.009742434480416015,57.2999210357666
0.025489132932710303,-0.001179637588278326,-0.00976278611484705,57.32518291473389
0.025489132932710303,-0.001179637588278326,-0.00976278611484705,57.357842206954956
0.025778404908003146,-0.0011796648396982246,-0.009742434480416015,57.38401174545288
0.025489132932710303,-0.001179637588278326,-0.00976278611484705,57.40551805496216
0.025489132932710303,-0.001179637588278326,-0.00976278611484705,57.427257776260376
0.025489132932710303,-0.001179637588278326,-0.00976278611484705,57.46769690513611
0.025778404908003146,-0.0011796648396982246,-0.009742434480416015,57.48696255683899
0.025778404908003146,-0.0011796648396982246,-0.009742434480416015,57.509310483932495
0.025489132932710303,-0.001179637588278326,-0.00976278611484705,57.53790998458862
0.025489132932710303,-0.001179637588278326,-0.00976278611484705,57.565086126327515
0.025778404908003146,-0.0011796648396982246,-0.009742434480416015,57.58871102333069
0.025489132932710303,-0.001179637588278326,-0.00976278611484705,57.61398386955261
0.025778404908003146,-0.0011796648396982246,-0.009742434480416015,57.63591122627258
0.025778404908003146,-0.0011796648396982246,-0.009742434480416015,57.659202337265015
0.025778404908003146,-0.0011796648396982246,-0.009742434480416015,57.68706274032593
0.025778404908003146,-0.0011796648396982246,-0.009742434480416015,57.71718978881836
0.025489132932710303,-0.001179637588278326,-0.00976278611484705,57.741004943847656
0.025489132932710303,-0.001179637588278326,-0.00976278611484705,57.76240348815918
0.025756023710614633,-0.001194755090849292,-0.009832518889969897,57.79013395309448
0.025489132932710303,-0.001179637588278326,-0.00976278611484705,57.81718635559082
0.025778404908003146,-0.0011796648396982246,-0.009742434480416015,57.85151219367981
0.025778404908003146,-0.0011796648396982246,-0.009742434480416015,57.88892889022827
0.02579972472941882,-0.0010105819267167693,-0.009747301019336968,57.92067313194275
0.025778404908003146,-0.0011796648396982246,-0.009742434480416015,57.95308470726013
0.025489132932710303,-0.001179637588278326,-0.00976278611484705,57.98357534408569
0.025489132932710303,-0.001179637588278326,-0.00976278611484705,58.00752639770508
0.025489132932710303,-0.001179637588278326,-0.00976278611484705,58.03578305244446
0.025778404908003146,-0.0011796648396982246,-0.009742434480416015,58.05671763420105
0.02579972472941882,-0.0010105819267167693,-0.009747301019336968,58.08537578582764
0.025510237340635046,-0.0010102736381105981,-0.009767678385666166,58.11245918273926
0.025489132932710303,-0.001179637588278326,-0.00976278611484705,58.132261991500854
0.025778404908003146,-0.0011796648396982246,-0.009742434480416015,58.154091119766235
0.025778404908003146,-0.0011796648396982246,-0.009742434480416015,58.18178987503052
0.025489132932710303,-0.001179637588278326,-0.00976278611484705,58.20272707939148
0.025489132932710303,-0.001179637588278326,-0.00976278611484705,58.22987461090088
0.025489132932710303,-0.001179637588278326,-0.00976278611484705,58.253042697906494
0.025778404908003146,-0.0011796648396982246,-0.009742434480416015,58.280462980270386
0.025778404908003146,-0.0011796648396982246,-0.009742434480416015,58.311376333236694
0.025778404908003146,-0.0011796648396982246,-0.009742434480416015,58.33387994766235
0.025489132932710303,-0.001179637588278326,-0.00976278611484705,58.358665227890015
0.025489132932710303,-0.001179637588278326,-0.00976278611484705,58.381842613220215
0.025778404908003146,-0.0011796648396982246,-0.009742434480416015,58.40461039543152
0.025778404908003146,-0.0011796648396982246,-0.009742434480416015,58.43002486228943
0.025778404908003146,-0.0011796648396982246,-0.009742434480416015,58.45335245132446
0.025489132932710303,-0.001179637588278326,-0.00976278611484705,58.47977805137634
0.025778404908003146,-0.0011796648396982246,-0.009742434480416015,58.506341218948364
0.025489132932710303,-0.001179637588278326,-0.00976278611484705,58.53365707397461
0.025778404908003146,-0.0011796648396982246,-0.009742434480416015,58.56446075439453
0.025778404908003146,-0.0011796648396982246,-0.009742434480416015,58.59405708312988
0.025778404908003146,-0.0011796648396982246,-0.009742434480416015,58.62553882598877
0.025489132932710303,-0.001179637588278326,-0.00976278611484705,58.655901193618774
0.025489132932710303,-0.001179637588278326,-0.00976278611484705,58.678213596343994
0.025778404908003146,-0.0011796648396982246,-0.009742434480416015,58.706463098526
0.025778404908003146,-0.0011796648396982246,-0.009742434480416015,58.72808265686035
0.025778404908003146,-0.0011796648396982246,-0.009742434480416015,58.74920678138733
0.025756023710614633,-0.001194755090849292,-0.009832518889969897,58.77519345283508
0.025756023710614633,-0.001194755090849292,-0.009832518889969897,58.79799222946167
0.025489132932710303,-0.001179637588278326,-0.00976278611484705,58.82719683647156
0.025778404908003146,-0.0011796648396982246,-0.009742434480416015,58.848193883895874
0.025778404908003146,-0.0011796648396982246,-0.009742434480416015,58.875627279281616
0.025756023710614633,-0.001194755090849292,-0.009832518889969897,58.895766735076904
0.025756023710614633,-0.001194755090849292,-0.009832518889969897,58.92037773132324
0.02579972472941882,-0.0010105819267167693,-0.009747301019336968,58.940898418426514
0.025778404908003146,-0.0011796648396982246,-0.009742434480416015,58.98319721221924
0.025778404908003146,-0.0011796648396982246,-0.009742434480416015,59.01483464241028
0.025778404908003146,-0.0011796648396982246,-0.009742434480416015,59.04679989814758
0.025518594446560385,-0.0010035719318915726,-0.009884831247213054,59.07646346092224
0.025778404908003146,-0.0011796648396982246,-0.009742434480416015,59.107404947280884
0.025778404908003146,-0.0011796648396982246,-0.009742434480416015,59.12957572937012
0.025489132932710303,-0.001179637588278326,-0.00976278611484705,59.158812046051025
0.025778404908003146,-0.0011796648396982246,-0.009742434480416015,59.177804946899414
0.025778404908003146,-0.0011796648396982246,-0.009742434480416015,59.20924162864685
0.025489132932710303,-0.001179637588278326,-0.00976278611484705,59.24927473068237
0.025489132932710303,-0.001179637588278326,-0.00976278611484705,59.279152631759644
0.025778404908003146,-0.0011796648396982246,-0.009742434480416015,59.31306076049805
0.025489132932710303,-0.001179637588278326,-0.00976278611484705,59.342419147491455
0.025489132932710303,-0.001179637588278326,-0.00976278611484705,59.367830753326416
0.025778404908003146,-0.0011796648396982246,-0.009742434480416015,59.395161151885986
0.025778404908003146,-0.0011796648396982246,-0.009742434480416015,59.41804337501526
0.025778404908003146,-0.0011796648396982246,-0.009742434480416015,59.43797326087952
0.025778404908003146,-0.0011796648396982246,-0.009742434480416015,59.46298289299011
0.02579972472941882,-0.0010105819267167693,-0.009747301019336968,59.49803161621094
0.025778404908003146,-0.0011796648396982246,-0.009742434480416015,59.51921510696411
0.025778404908003146,-0.0011796648396982246,-0.009742434480416015,59.542367458343506
0.025778404908003146,-0.0011796648396982246,-0.009742434480416015,59.56762981414795
0.025778404908003146,-0.0011796648396982246,-0.009742434480416015,59.59834051132202
0.025778404908003146,-0.0011796648396982246,-0.009742434480416015,59.62533450126648
0.025489132932710303,-0.001179637588278326,-0.00976278611484705,59.65165066719055
0.025756023710614633,-0.001194755090849292,-0.009832518889969897,59.673930168151855
0.025778404908003146,-0.0011796648396982246,-0.009742434480416015,59.69311475753784
0.025489132932710303,-0.001179637588278326,-0.00976278611484705,59.72107815742493
0.025778404908003146,-0.0011796648396982246,-0.009742434480416015,59.75282406806946
0.025778404908003146,-0.0011796648396982246,-0.009742434480416015,59.77366065979004
0.025489132932710303,-0.001179637588278326,-0.00976278611484705,59.79785513877869
0.025489132932710303,-0.001179637588278326,-0.00976278611484705,59.821149587631226
0.02579972472941882,-0.0010105819267167693,-0.009747301019336968,59.84390068054199
0.025510237340635046,-0.0010102736381105981,-0.009767678385666166,59.86687254905701
0.025778404908003146,-0.0011796648396982246,-0.009742434480416015,59.893759965896606
0.025489132932710303,-0.001179637588278326,-0.00976278611484705,59.91504192352295
0.025489132932710303,-0.001179637588278326,-0.00976278611484705,59.93746733665466
0.025756023710614633,-0.001194755090849292,-0.009832518889969897,59.961021184921265
0.025489132932710303,-0.001179637588278326,-0.00976278611484705,59.987194299697876
0.025778404908003146,-0.0011796648396982246,-0.009742434480416015,60.00772762298584
0.025778404908003146,-0.0011796648396982246,-0.009742434480416015,60.03231716156006
0.025756023710614633,-0.001194755090849292,-0.009832518889969897,60.054149866104126
0.02579972472941882,-0.0010105819267167693,-0.009747301019336968,60.083821058273315
0.02579972472941882,-0.0010105819267167693,-0.009747301019336968,60.114959478378296
0.025489132932710303,-0.001179637588278326,-0.00976278611484705,60.13454294204712
0.025778404908003146,-0.0011796648396982246,-0.009742434480416015,60.16032123565674
0.025510237340635046,-0.0010102736381105981,-0.009767678385666166,60.195515155792236
0.02579972472941882,-0.0010105819267167693,-0.009747301019336968,60.21357536315918
0.025778404908003146,-0.0011796648396982246,-0.009742434480416015,60.235302209854126
0.025510237340635046,-0.0010102736381105981,-0.009767678385666166,60.2583281993866
0.02579972472941882,-0.0010105819267167693,-0.009747301019336968,60.28135108947754
0.0254878963334334,-0.0010253345546760995,-0.00985783698666993,60.30625128746033
0.025778404908003146,-0.0011796648396982246,-0.009742434480416015,60.33719325065613
0.025756023710614633,-0.001194755090849292,-0.009832518889969897,60.35835862159729
0.025778404908003146,-0.0011796648396982246,-0.009742434480416015,60.38555574417114
0.025778404908003146,-0.0011796648396982246,-0.009742434480416015,60.40455079078674
0.025778404908003146,-0.0011796648396982246,-0.009742434480416015,60.437838554382324
0.02579972472941882,-0.0010105819267167693,-0.009747301019336968,60.46739315986633
0.025778404908003146,-0.0011796648396982246,-0.009742434480416015,60.48807621002197
0.025489132932710303,-0.001179637588278326,-0.00976278611484705,60.51034688949585
0.025778404908003146,-0.0011796648396982246,-0.009742434480416015,60.53992700576782
0.025778404908003146,-0.0011796648396982246,-0.009742434480416015,60.568005084991455
0.025778404908003146,-0.0011796648396982246,-0.009742434480416015,60.591513872146606
0.025489132932710303,-0.001179637588278326,-0.00976278611484705,60.61590576171875
0.025489132932710303,-0.001179637588278326,-0.00976278611484705,60.640965938568115
0.025510237340635046,-0.0010102736381105981,-0.009767678385666166,60.661335706710815
0.025489132932710303,-0.001179637588278326,-0.00976278611484705,60.68478488922119
0.025489132932710303,-0.001179637588278326,-0.00976278611484705,60.7125723361969
0.025510237340635046,-0.0010102736381105981,-0.009767678385666166,60.74360132217407
0.025489132932710303,-0.001179637588278326,-0.00976278611484705,60.76271891593933
0.025489132932710303,-0.001179637588278326,-0.00976278611484705,60.78816771507263
0.025510237340635046,-0.0010102736381105981,-0.009767678385666166,60.808016538619995
0.025489132932710303,-0.001179637588278326,-0.00976278611484705,60.83259105682373
0.02579972472941882,-0.0010105819267167693,-0.009747301019336968,60.85995388031006
0.025510237340635046,-0.0010102736381105981,-0.009767678385666166,60.88292694091797
0.025778404908003146,-0.0011796648396982246,-0.009742434480416015,60.909679889678955
0.025778404908003146,-0.0011796648396982246,-0.009742434480416015,60.9406361579895
0.025778404908003146,-0.0011796648396982246,-0.009742434480416015,60.96231985092163
0.025778404908003146,-0.0011796648396982246,-0.009742434480416015,60.98461103439331
0.025489132932710303,-0.001179637588278326,-0.00976278611484705,61.0064013004303
0.025489132932710303,-0.001179637588278326,-0.00976278611484705,61.03006672859192
0.025510237340635046,-0.0010102736381105981,-0.009767678385666166,61.05945324897766
0.0254878963334334,-0.0010253345546760995,-0.00985783698666993,61.09319996833801
0.02579972472941882,-0.0010105819267167693,-0.009747301019336968,61.123039960861206
0.025778404908003146,-0.0011796648396982246,-0.009742434480416015,61.14720177650452
0.025510237340635046,-0.0010102736381105981,-0.009767678385666166,61.17048120498657
0.025510237340635046,-0.0010102736381105981,-0.009767678385666166,61.21573233604431
0.025489132932710303,-0.001179637588278326,-0.00976278611484705,61.24505543708801
0.025489132932710303,-0.001179637588278326,-0.00976278611484705,61.26495718955994
0.025510237340635046,-0.0010102736381105981,-0.009767678385666166,61.289071559906006
0.025510237340635046,-0.0010102736381105981,-0.009767678385666166,61.311962842941284
0.025510237340635046,-0.0010102736381105981,-0.009767678385666166,61.338502168655396
0.025489132932710303,-0.001179637588278326,-0.00976278611484705,61.36496114730835
0.025489132932710303,-0.001179637588278326,-0.00976278611484705,61.393831968307495
0.025489132932710303,-0.001179637588278326,-0.00976278611484705,61.42231583595276
0.025489132932710303,-0.001179637588278326,-0.00976278611484705,61.44771075248718
0.025510237340635046,-0.0010102736381105981,-0.009767678385666166,61.484681129455566
0.02579972472941882,-0.0010105819267167693,-0.009747301019336968,61.51245164871216
0.02579972472941882,-0.0010105819267167693,-0.009747301019336968,61.53376245498657
0.025510237340635046,-0.0010102736381105981,-0.009767678385666166,61.555970430374146
0.025489132932710303,-0.001179637588278326,-0.00976278611484705,61.58284854888916
0.025510237340635046,-0.0010102736381105981,-0.009767678385666166,61.60297656059265
0.02579972472941882,-0.0010105819267167693,-0.009747301019336968,61.628430128097534
0.025510237340635046,-0.0010102736381105981,-0.009767678385666166,61.652477741241455
0.025778404908003146,-0.0011796648396982246,-0.009742434480416015,61.68212270736694
0.025778404908003146,-0.0011796648396982246,-0.009742434480416015,61.70492887496948
0.02579972472941882,-0.0010105819267167693,-0.009747301019336968,61.7323112487793
0.025510237340635046,-0.0010102736381105981,-0.009767678385666166,61.75375938415527
0.025778404908003146,-0.0011796648396982246,-0.009742434480416015,61.781097412109375
0.025510237340635046,-0.0010102736381105981,-0.009767678385666166,61.81298017501831
0.025510237340635046,-0.0010102736381105981,-0.009767678385666166,61.83198571205139
0.025510237340635046,-0.0010102736381105981,-0.009767678385666166,61.86218547821045
0.025489132932710303,-0.001179637588278326,-0.00976278611484705,61.88294577598572
0.025510237340635046,-0.0010102736381105981,-0.009767678385666166,61.908127546310425
0.025510237340635046,-0.0010102736381105981,-0.009767678385666166,61.94047260284424
0.025489132932710303,-0.001179637588278326,-0.00976278611484705,61.95776319503784
0.025489132932710303,-0.001179637588278326,-0.00976278611484705,62.00313138961792
0.025778404908003146,-0.0011796648396982246,-0.009742434480416015,62.023432970047
0.025489132932710303,-0.001179637588278326,-0.00976278611484705,62.05137395858765
0.025489132932710303,-0.001179637588278326,-0.00976278611484705,62.07770562171936
0.025489132932710303,-0.001179637588278326,-0.00976278611484705,62.103137731552124
0.025510237340635046,-0.0010102736381105981,-0.009767678385666166,62.127286195755005
0.025510237340635046,-0.0010102736381105981,-0.009767678385666166,62.15299439430237
0.025510237340635046,-0.0010102736381105981,-0.009767678385666166,62.179747343063354
0.025510237340635046,-0.0010102736381105981,-0.009767678385666166,62.200191497802734
0.025489132932710303,-0.001179637588278326,-0.00976278611484705,62.22354483604431
0.025489132932710303,-0.001179637588278326,-0.00976278611484705,62.25691771507263
0.025778404908003146,-0.0011796648396982246,-0.009742434480416015,62.28718566894531
0.025510237340635046,-0.0010102736381105981,-0.009767678385666166,62.30618357658386
0.025489132932710303,-0.001179637588278326,-0.00976278611484705,62.33188199996948
0.02579972472941882,-0.0010105819267167693,-0.009747301019336968,62.35133147239685
0.025777359551974362,-0.001025668104004479,-0.009837460280146227,62.37511205673218
0.02579972472941882,-0.0010105819267167693,-0.009747301019336968,62.399373054504395
0.025510237340635046,-0.0010102736381105981,-0.009767678385666166,62.41819453239441
0.02579972472941882,-0.0010105819267167693,-0.009747301019336968,62.46208715438843
0.02579972472941882,-0.0010105819267167693,-0.009747301019336968,62.48619842529297
0.025489132932710303,-0.001179637588278326,-0.00976278611484705,62.507323265075684
0.025510237340635046,-0.0010102736381105981,-0.009767678385666166,62.53823924064636
0.02579972472941882,-0.0010105819267167693,-0.009747301019336968,62.566476821899414
0.02579972472941882,-0.0010105819267167693,-0.009747301019336968,62.58924579620361
0.025510237340635046,-0.0010102736381105981,-0.009767678385666166,62.61777305603027
0.025489132932710303,-0.001179637588278326,-0.00976278611484705,62.63953137397766
0.025489132932710303,-0.001179637588278326,-0.00976278611484705,62.662787675857544
0.02579972472941882,-0.0010105819267167693,-0.009747301019336968,62.68644642829895
0.02579972472941882,-0.0010105819267167693,-0.009747301019336968,62.713308572769165
0.02579972472941882,-0.0010105819267167693,-0.009747301019336968,62.734591007232666
0.025489132932710303,-0.001179637588278326,-0.00976278611484705,62.75666785240173
0.025510237340635046,-0.0010102736381105981,-0.009767678385666166,62.77662014961243
0.025510237340635046,-0.0010102736381105981,-0.009767678385666166,62.80482745170593
0.025510237340635046,-0.0010102736381105981,-0.009767678385666166,62.829944372177124
0.025510237340635046,-0.0010102736381105981,-0.009767678385666166,62.85241341590881
0.025510237340635046,-0.0010102736381105981,-0.009767678385666166,62.875110149383545
0.02579972472941882,-0.0010105819267167693,-0.009747301019336968,62.897870779037476
0.025778404908003146,-0.0011796648396982246,-0.009742434480416015,62.931193828582764
0.025510237340635046,-0.0010102736381105981,-0.009767678385666166,62.953284740448
0.02579972472941882,-0.0010105819267167693,-0.009747301019336968,62.97490692138672
0.025778404908003146,-0.0011796648396982246,-0.009742434480416015,63.00830864906311
0.025778404908003146,-0.0011796648396982246,-0.009742434480416015,63.03376054763794
0.02579972472941882,-0.0010105819267167693,-0.009747301019336968,63.06996035575867
0.025510237340635046,-0.0010102736381105981,-0.009767678385666166,63.09062170982361
0.025489132932710303,-0.001179637588278326,-0.00976278611484705,63.118815183639526
0.025510237340635046,-0.0010102736381105981,-0.009767678385666166,63.14931559562683
0.025489132932710303,-0.001179637588278326,-0.00976278611484705,63.18251013755798
0.02579972472941882,-0.0010105819267167693,-0.009747301019336968,63.213730812072754
0.025510237340635046,-0.0010102736381105981,-0.009767678385666166,63.23660087585449
0.025510237340635046,-0.0010102736381105981,-0.009767678385666166,63.25539469718933
0.025510237340635046,-0.0010102736381105981,-0.009767678385666166,63.281821727752686
0.02579972472941882,-0.0010105819267167693,-0.009747301019336968,63.30655527114868
0.0254878963334334,-0.0010253345546760995,-0.00985783698666993,63.330440044403076
0.025510237340635046,-0.0010102736381105981,-0.009767678385666166,63.355448484420776
0.025489132932710303,-0.001179637588278326,-0.00976278611484705,63.398672580718994
0.025489132932710303,-0.001179637588278326,-0.00976278611484705,63.41899275779724
0.025510237340635046,-0.0010102736381105981,-0.009767678385666166,63.44524812698364
0.025489132932710303,-0.001179637588278326,-0.00976278611484705,63.47368621826172
0.025489132932710303,-0.001179637588278326,-0.00976278611484705,63.510324478149414
0.025489132932710303,-0.001179637588278326,-0.00976278611484705,63.5416145324707
0.025489132932710303,-0.001179637588278326,-0.00976278611484705,63.563252449035645
0.025489132932710303,-0.001179637588278326,-0.00976278611484705,63.58232259750366
0.025489132932710303,-0.001179637588278326,-0.00976278611484705,63.606555700302124
0.025778404908003146,-0.0011796648396982246,-0.009742434480416015,63.62849140167236
0.025510237340635046,-0.0010102736381105981,-0.009767678385666166,63.664623975753784
0.02579972472941882,-0.0010105819267167693,-0.009747301019336968,63.686867475509644
0.02579972472941882,-0.0010105819267167693,-0.009747301019336968,63.71481537818909
0.025510237340635046,-0.0010102736381105981,-0.009767678385666166,63.74115228652954
0.025510237340635046,-0.0010102736381105981,-0.009767678385666166,63.761614084243774
0.025510237340635046,-0.0010102736381105981,-0.009767678385666166,63.7901566028595
0.025489132932710303,-0.001179637588278326,-0.00976278611484705,63.818044900894165
0.02579972472941882,-0.0010105819267167693,-0.009747301019336968,63.854249477386475
0.025489132932710303,-0.001179637588278326,-0.00976278611484705,63.883474588394165
0.025778404908003146,-0.0011796648396982246,-0.009742434480416015,63.916316986083984
0.025778404908003146,-0.0011796648396982246,-0.009742434480416015,63.93609881401062
0.025489132932710303,-0.001179637588278326,-0.00976278611484705,63.958170890808105
0.025489132932710303,-0.001179637588278326,-0.00976278611484705,63.97937536239624
0.025778404908003146,-0.0011796648396982246,-0.009742434480416015,64.0260910987854
0.02579972472941882,-0.0010105819267167693,-0.009747301019336968,64.04673504829407
0.025510237340635046,-0.0010102736381105981,-0.009767678385666166,64.08832168579102
0.02579972472941882,-0.0010105819267167693,-0.009747301019336968,64.11318159103394
0.025778404908003146,-0.0011796648396982246,-0.009742434480416015,64.14078783988953
0.025778404908003146,-0.0011796648396982246,-0.009742434480416015,64.16128730773926
0.02579972472941882,-0.0010105819267167693,-0.009747301019336968,64.19877099990845
0.02579972472941882,-0.0010105819267167693,-0.009747301019336968,64.22134804725647
0.025778404908003146,-0.0011796648396982246,-0.009742434480416015,64.25027012825012
0.025510237340635046,-0.0010102736381105981,-0.009767678385666166,64.29269289970398
0.025510237340635046,-0.0010102736381105981,-0.009767678385666166,64.32417225837708
0.025489132932710303,-0.001179637588278326,-0.00976278611484705,64.34455394744873
0.025510237340635046,-0.0010102736381105981,-0.009767678385666166,64.38624501228333
0.025510237340635046,-0.0010102736381105981,-0.009767678385666166,64.40758156776428
0.025510237340635046,-0.0010102736381105981,-0.009767678385666166,64.42921757698059
0.025510237340635046,-0.0010102736381105981,-0.009767678385666166,64.46056151390076
0.025510237340635046,-0.0010102736381105981,-0.009767678385666166,64.4870138168335
0.025510237340635046,-0.0010102736381105981,-0.009767678385666166,64.50919771194458
0.025510237340635046,-0.0010102736381105981,-0.009767678385666166,64.5312385559082
0.02546677600710786,-0.00119470251818532,-0.009852869733813002,64.5609302520752
0.025778404908003146,-0.0011796648396982246,-0.009742434480416015,64.59221911430359
0.025489132932710303,-0.001179637588278326,-0.00976278611484705,64.6380045413971
0.025778404908003146,-0.0011796648396982246,-0.009742434480416015,64.65682291984558
0.025778404908003146,-0.0011796648396982246,-0.009742434480416015,64.68218517303467
0.025778404908003146,-0.0011796648396982246,-0.009742434480416015,64.70359301567078
0.025489132932710303,-0.001179637588278326,-0.00976278611484705,64.72381210327148
0.025489132932710303,-0.001179637588278326,-0.00976278611484705,64.7457206249237
0.025489132932710303,-0.001179637588278326,-0.00976278611484705,64.77743268013
0.025489132932710303,-0.001179637588278326,-0.00976278611484705,64.80491352081299
0.025489132932710303,-0.001179637588278326,-0.00976278611484705,64.8244640827179
0.025510237340635046,-0.0010102736381105981,-0.009767678385666166,64.8540427684784
0.025510237340635046,-0.0010102736381105981,-0.009767678385666166,64.87470149993896
0.025756023710614633,-0.001194755090849292,-0.009832518889969897,64.90611338615417
0.025777359551974362,-0.001025668104004479,-0.009837460280146227,64.93821120262146
0.025778404908003146,-0.0011796648396982246,-0.009742434480416015,64.95867085456848
0.025489132932710303,-0.001179637588278326,-0.00976278611484705,64.982901096344
0.025510237340635046,-0.0010102736381105981,-0.009767678385666166,65.00394248962402
0.025489132932710303,-0.001179637588278326,-0.00976278611484705,65.02905201911926
0.025778404908003146,-0.0011796648396982246,-0.009742434480416015,65.05107855796814
0.025778404908003146,-0.0011796648396982246,-0.009742434480416015,65.07627558708191
0.025778404908003146,-0.0011796648396982246,-0.009742434480416015,65.10645604133606
0.02579972472941882,-0.0010105819267167693,-0.009747301019336968,65.1304874420166
0.025778404908003146,-0.0011796648396982246,-0.009742434480416015,65.15514731407166
0.025778404908003146,-0.0011796648396982246,-0.009742434480416015,65.19098091125488
0.02579972472941882,-0.0010105819267167693,-0.009747301019336968,65.21168518066406
0.02579972472941882,-0.0010105819267167693,-0.009747301019336968,65.25407814979553
0.02580805019873629,-0.0010038887302853405,-0.009864260857452128,65.28871440887451
0.025778404908003146,-0.0011796648396982246,-0.009742434480416015,65.31656336784363
0.025510237340635046,-0.0010102736381105981,-0.009767678385666166,65.3481285572052
0.025489132932710303,-0.001179637588278326,-0.00976278611484705,65.36880660057068
0.025489132932710303,-0.001179637588278326,-0.00976278611484705,65.38693594932556
0.025778404908003146,-0.0011796648396982246,-0.009742434480416015,65.41040229797363
0.025489132932710303,-0.001179637588278326,-0.00976278611484705,65.43907904624939
0.02579972472941882,-0.0010105819267167693,-0.009747301019336968,65.46195816993713
0.02579972472941882,-0.0010105819267167693,-0.009747301019336968,65.48497867584229
0.02579972472941882,-0.0010105819267167693,-0.009747301019336968,65.50648593902588
0.025510237340635046,-0.0010102736381105981,-0.009767678385666166,65.53560256958008
0.02579972472941882,-0.0010105819267167693,-0.009747301019336968,65.56759452819824
0.025510237340635046,-0.0010102736381105981,-0.009767678385666166,65.6001181602478
0.02579972472941882,-0.0010105819267167693,-0.009747301019336968,65.6315016746521
0.02579972472941882,-0.0010105819267167693,-0.009747301019336968,65.65044260025024
0.02579972472941882,-0.0010105819267167693,-0.009747301019336968,65.670818567276
0.025510237340635046,-0.0010102736381105981,-0.009767678385666166,65.69449257850647
0.025756023710614633,-0.001194755090849292,-0.009832518889969897,65.72594785690308
0.025778404908003146,-0.0011796648396982246,-0.009742434480416015,65.74851727485657
0.02579972472941882,-0.0010105819267167693,-0.009747301019336968,65.79041051864624
0.025778404908003146,-0.0011796648396982246,-0.009742434480416015,65.82272529602051
0.02579972472941882,-0.0010105819267167693,-0.009747301019336968,65.85215401649475
0.025510237340635046,-0.0010102736381105981,-0.009767678385666166,65.87667059898376
0.025510237340635046,-0.0010102736381105981,-0.009767678385666166,65.90803337097168
0.02579972472941882,-0.0010105819267167693,-0.009747301019336968,65.9306857585907
0.02579972472941882,-0.0010105819267167693,-0.009747301019336968,65.9511730670929
0.02579972472941882,-0.0010105819267167693,-0.009747301019336968,65.97911787033081
0.025489132932710303,-0.001179637588278326,-0.00976278611484705,66.00114750862122
0.025510237340635046,-0.0010102736381105981,-0.009767678385666166,66.02592873573303
0.025777359551974362,-0.001025668104004479,-0.009837460280146227,66.04977178573608
0.02579972472941882,-0.0010105819267167693,-0.009747301019336968,66.07490801811218
0.025756023710614633,-0.001194755090849292,-0.009832518889969897,66.09673833847046
0.025777359551974362,-0.001025668104004479,-0.009837460280146227,66.13255286216736
0.02579972472941882,-0.0010105819267167693,-0.009747301019336968,66.15474104881287
0.02579972472941882,-0.0010105819267167693,-0.009747301019336968,66.17988729476929
0.025510237340635046,-0.0010102736381105981,-0.009767678385666166,66.20362114906311
0.025778404908003146,-0.0011796648396982246,-0.009742434480416015,66.23056244850159
0.025778404908003146,-0.0011796648396982246,-0.009742434480416015,66.26292991638184
0.02579972472941882,-0.0010105819267167693,-0.009747301019336968,66.29297804832458
0.02579972472941882,-0.0010105819267167693,-0.009747301019336968,66.32341980934143
0.02579972472941882,-0.0010105819267167693,-0.009747301019336968,66.34496521949768
0.025778404908003146,-0.0011796648396982246,-0.009742434480416015,66.37186908721924
0.025756023710614633,-0.001194755090849292,-0.009832518889969897,66.3969714641571
0.025756023710614633,-0.001194755090849292,-0.009832518889969897,66.43496561050415
0.025778404908003146,-0.0011796648396982246,-0.009742434480416015,66.46770691871643
0.025778404908003146,-0.0011796648396982246,-0.009742434480416015,66.48832774162292
0.02579972472941882,-0.0010105819267167693,-0.009747301019336968,66.51384902000427
0.02579972472941882,-0.0010105819267167693,-0.009747301019336968,66.54530119895935
0.025778404908003146,-0.0011796648396982246,-0.009742434480416015,66.56733512878418
0.025778404908003146,-0.0011796648396982246,-0.009742434480416015,66.58809733390808
0.02579972472941882,-0.0010105819267167693,-0.009747301019336968,66.61035227775574
0.02579972472941882,-0.0010105819267167693,-0.009747301019336968,66.63483619689941
0.025778404908003146,-0.0011796648396982246,-0.009742434480416015,66.6628065109253
0.02579972472941882,-0.0010105819267167693,-0.009747301019336968,66.69272422790527
0.025777359551974362,-0.001025668104004479,-0.009837460280146227,66.73185777664185
0.02579972472941882,-0.0010105819267167693,-0.009747301019336968,66.75367403030396
0.02579972472941882,-0.0010105819267167693,-0.009747301019336968,66.78380060195923
0.02579972472941882,-0.0010105819267167693,-0.009747301019336968,66.81216645240784
0.02579972472941882,-0.0010105819267167693,-0.009747301019336968,66.84443283081055
0.025778404908003146,-0.0011796648396982246,-0.009742434480416015,66.86374545097351
0.025778404908003146,-0.0011796648396982246,-0.009742434480416015,66.89050006866455
0.025778404908003146,-0.0011796648396982246,-0.009742434480416015,66.91249179840088
0.025778404908003146,-0.0011796648396982246,-0.009742434480416015,66.93832325935364
0.025778404908003146,-0.0011796648396982246,-0.009742434480416015,66.95707368850708
0.025756023710614633,-0.001194755090849292,-0.009832518889969897,66.98165273666382
0.02579972472941882,-0.0010105819267167693,-0.009747301019336968,67.00418400764465
0.02579972472941882,-0.0010105819267167693,-0.009747301019336968,67.02949118614197
0.025777359551974362,-0.001025668104004479,-0.009837460280146227,67.05201077461243
0.025777359551974362,-0.001025668104004479,-0.009837460280146227,67.07796835899353
0.02579972472941882,-0.0010105819267167693,-0.009747301019336968,67.10200023651123
0.025778404908003146,-0.0011796648396982246,-0.009742434480416015,67.13558220863342
0.025778404908003146,-0.0011796648396982246,-0.009742434480416015,67.16485810279846
0.025778404908003146,-0.0011796648396982246,-0.009742434480416015,67.18843984603882
0.02579972472941882,-0.0010105819267167693,-0.009747301019336968,67.21043586730957
0.025778404908003146,-0.0011796648396982246,-0.009742434480416015,67.23757076263428
0.025778404908003146,-0.0011796648396982246,-0.009742434480416015,67.2680253982544
0.025778404908003146,-0.0011796648396982246,-0.009742434480416015,67.28736662864685
0.02579972472941882,-0.0010105819267167693,-0.009747301019336968,67.31092429161072
0.025778404908003146,-0.0011796648396982246,-0.009742434480416015,67.33562088012695
0.02579972472941882,-0.0010105819267167693,-0.009747301019336968,67.36245369911194
0.02579972472941882,-0.0010105819267167693,-0.009747301019336968,67.3876121044159
0.025510237340635046,-0.0010102736381105981,-0.009767678385666166,67.42518019676208
0.02579972472941882,-0.0010105819267167693,-0.009747301019336968,67.45635795593262
0.02580805019873629,-0.0010038887302853405,-0.009864260857452128,67.4882972240448
0.025778404908003146,-0.0011796648396982246,-0.009742434480416015,67.52011561393738
0.02579972472941882,-0.0010105819267167693,-0.009747301019336968,67.54063296318054
0.025778404908003146,-0.0011796648396982246,-0.009742434480416015,67.58281922340393
0.02579972472941882,-0.0010105819267167693,-0.009747301019336968,67.61201453208923
0.025778404908003146,-0.0011796648396982246,-0.009742434480416015,67.63579225540161
0.02579972472941882,-0.0010105819267167693,-0.009747301019336968,67.65799331665039
0.025778404908003146,-0.0011796648396982246,-0.009742434480416015,67.6857237815857
0.02579972472941882,-0.0010105819267167693,-0.009747301019336968,67.71269750595093
0.02579972472941882,-0.0010105819267167693,-0.009747301019336968,67.74012637138367
0.025778404908003146,-0.0011796648396982246,-0.009742434480416015,67.75934767723083
0.02579972472941882,-0.0010105819267167693,-0.009747301019336968,67.78260612487793
0.025778404908003146,-0.0011796648396982246,-0.009742434480416015,67.80441498756409
0.025778404908003146,-0.0011796648396982246,-0.009742434480416015,67.83285760879517
0.025778404908003146,-0.0011796648396982246,-0.009742434480416015,67.85483622550964
0.02579972472941882,-0.0010105819267167693,-0.009747301019336968,67.87748980522156
0.025778404908003146,-0.0011796648396982246,-0.009742434480416015,67.90216398239136
0.025778404908003146,-0.0011796648396982246,-0.009742434480416015,67.92725229263306
0.025778404908003146,-0.0011796648396982246,-0.009742434480416015,67.95342493057251
0.025510237340635046,-0.0010102736381105981,-0.009767678385666166,67.97815871238708
0.025510237340635046,-0.0010102736381105981,-0.009767678385666166,68.00336861610413
0.02579972472941882,-0.0010105819267167693,-0.009747301019336968,68.03591895103455
0.025778404908003146,-0.0011796648396982246,-0.009742434480416015,68.0585606098175
0.025778404908003146,-0.0011796648396982246,-0.009742434480416015,68.0802903175354
0.02579972472941882,-0.0010105819267167693,-0.009747301019336968,68.10455393791199
0.02579972472941882,-0.0010105819267167693,-0.009747301019336968,68.12977075576782
0.025510237340635046,-0.0010102736381105981,-0.009767678385666166,68.15678787231445
0.02579972472941882,-0.0010105819267167693,-0.009747301019336968,68.18520879745483
0.02579972472941882,-0.0010105819267167693,-0.009747301019336968,68.20375466346741
0.02579972472941882,-0.0010105819267167693,-0.009747301019336968,68.23156094551086
0.025778404908003146,-0.0011796648396982246,-0.009742434480416015,68.25537943840027
0.025778404908003146,-0.0011796648396982246,-0.009742434480416015,68.27822732925415
0.02579972472941882,-0.0010105819267167693,-0.009747301019336968,68.30535173416138
0.025778404908003146,-0.0011796648396982246,-0.009742434480416015,68.33750987052917
0.025778404908003146,-0.0011796648396982246,-0.009742434480416015,68.35697627067566
0.025778404908003146,-0.0011796648396982246,-0.009742434480416015,68.37703323364258
0.025778404908003146,-0.0011796648396982246,-0.009742434480416015,68.39836621284485
0.02579972472941882,-0.0010105819267167693,-0.009747301019336968,68.42309165000916
0.025778404908003146,-0.0011796648396982246,-0.009742434480416015,68.45220804214478
0.025778404908003146,-0.0011796648396982246,-0.009742434480416015,68.48297381401062
0.02580805019873629,-0.0010038887302853405,-0.009864260857452128,68.5104010105133
0.02580805019873629,-0.0010038887302853405,-0.009864260857452128,68.5341796875
0.02580805019873629,-0.0010038887302853405,-0.009864260857452128,68.55568957328796
0.025786763399783814,-0.0011729603574094083,-0.009859406779448078,68.58541107177734
0.025786763399783814,-0.0011729603574094083,-0.009859406779448078,68.61082911491394
0.02580805019873629,-0.0010038887302853405,-0.009864260857452128,68.63209676742554
0.02580805019873629,-0.0010038887302853405,-0.009864260857452128,68.66246676445007
0.025489132932710303,-0.001179637588278326,-0.00976278611484705,68.68056797981262
0.025778404908003146,-0.0011796648396982246,-0.009742434480416015,68.70713639259338
0.025778404908003146,-0.0011796648396982246,-0.009742434480416015,68.72888469696045
0.025778404908003146,-0.0011796648396982246,-0.009742434480416015,68.7597963809967
0.025778404908003146,-0.0011796648396982246,-0.009742434480416015,68.78957557678223
0.025778404908003146,-0.0011796648396982246,-0.009742434480416015,68.82028484344482
0.025778404908003146,-0.0011796648396982246,-0.009742434480416015,68.84064483642578
0.025778404908003146,-0.0011796648396982246,-0.009742434480416015,68.86166834831238
0.025778404908003146,-0.0011796648396982246,-0.009742434480416015,68.89836359024048
0.025778404908003146,-0.0011796648396982246,-0.009742434480416015,68.91976857185364
0.025778404908003146,-0.0011796648396982246,-0.009742434480416015,68.94128131866455
0.025778404908003146,-0.0011796648396982246,-0.009742434480416015,68.96997237205505
0.025778404908003146,-0.0011796648396982246,-0.009742434480416015,68.99461698532104
0.025778404908003146,-0.0011796648396982246,-0.009742434480416015,69.01291036605835
0.025778404908003146,-0.0011796648396982246,-0.009742434480416015,69.03541374206543
0.025778404908003146,-0.0011796648396982246,-0.009742434480416015,69.06974959373474
0.025778404908003146,-0.0011796648396982246,-0.009742434480416015,69.08855676651001
0.025778404908003146,-0.0011796648396982246,-0.009742434480416015,69.11856484413147
0.025756023710614633,-0.001194755090849292,-0.009832518889969897,69.16195106506348
0.025778404908003146,-0.0011796648396982246,-0.009742434480416015,69.19143486022949
0.025778404908003146,-0.0011796648396982246,-0.009742434480416015,69.213369846344
0.025778404908003146,-0.0011796648396982246,-0.009742434480416015,69.23845219612122
0.025778404908003146,-0.0011796648396982246,-0.009742434480416015,69.26369547843933
0.025778404908003146,-0.0011796648396982246,-0.009742434480416015,69.30297112464905
0.025778404908003146,-0.0011796648396982246,-0.009742434480416015,69.33418893814087
0.025778404908003146,-0.0011796648396982246,-0.009742434480416015,69.36572980880737
0.025756023710614633,-0.001194755090849292,-0.009832518889969897,69.38488912582397
0.025778404908003146,-0.0011796648396982246,-0.009742434480416015,69.4072380065918
0.025778404908003146,-0.0011796648396982246,-0.009742434480416015,69.43730354309082
0.025778404908003146,-0.0011796648396982246,-0.009742434480416015,69.47722864151001
0.025778404908003146,-0.0011796648396982246,-0.009742434480416015,69.50808310508728
0.025778404908003146,-0.0011796648396982246,-0.009742434480416015,69.5300498008728
0.025778404908003146,-0.0011796648396982246,-0.009742434480416015,69.55071306228638
0.025778404908003146,-0.0011796648396982246,-0.009742434480416015,69.57268500328064
0.025778404908003146,-0.0011796648396982246,-0.009742434480416015,69.60096669197083
0.025778404908003146,-0.0011796648396982246,-0.009742434480416015,69.62624979019165
0.025778404908003146,-0.0011796648396982246,-0.009742434480416015,69.64701390266418
0.025778404908003146,-0.0011796648396982246,-0.009742434480416015,69.67179203033447
0.025778404908003146,-0.0011796648396982246,-0.009742434480416015,69.69350910186768
0.025778404908003146,-0.0011796648396982246,-0.009742434480416015,69.72314047813416
0.025778404908003146,-0.0011796648396982246,-0.009742434480416015,69.75000810623169
0.025778404908003146,-0.0011796648396982246,-0.009742434480416015,69.77495694160461
0.025778404908003146,-0.0011796648396982246,-0.009742434480416015,69.80970501899719
0.025778404908003146,-0.0011796648396982246,-0.009742434480416015,69.8397924900055
0.02579972472941882,-0.0010105819267167693,-0.009747301019336968,69.86109375953674
0.02579972472941882,-0.0010105819267167693,-0.009747301019336968,69.8863754272461
0.025778404908003146,-0.0011796648396982246,-0.009742434480416015,69.91010904312134
0.025778404908003146,-0.0011796648396982246,-0.009742434480416015,69.93455028533936
0.025778404908003146,-0.0011796648396982246,-0.009742434480416015,69.95430421829224
0.025778404908003146,-0.0011796648396982246,-0.009742434480416015,69.97748732566833
0.025778404908003146,-0.0011796648396982246,-0.009742434480416015,70.00521230697632
0.025778404908003146,-0.0011796648396982246,-0.009742434480416015,70.03046369552612
0.025778404908003146,-0.0011796648396982246,-0.009742434480416015,70.05532097816467
0.025778404908003146,-0.0011796648396982246,-0.009742434480416015,70.08257579803467
0.025778404908003146,-0.0011796648396982246,-0.009742434480416015,70.12306213378906
0.025778404908003146,-0.0011796648396982246,-0.009742434480416015,70.15529608726501
0.025778404908003146,-0.0011796648396982246,-0.009742434480416015,70.1885666847229
0.025778404908003146,-0.0011796648396982246,-0.009742434480416015,70.21668791770935
0.025778404908003146,-0.0011796648396982246,-0.009742434480416015,70.23575925827026
0.025778404908003146,-0.0011796648396982246,-0.009742434480416015,70.26370000839233
0.025778404908003146,-0.0011796648396982246,-0.009742434480416015,70.28672003746033
0.025756023710614633,-0.001194755090849292,-0.009832518889969897,70.31094145774841
0.025778404908003146,-0.0011796648396982246,-0.009742434480416015,70.3336250782013
0.025778404908003146,-0.0011796648396982246,-0.009742434480416015,70.36386680603027
0.025778404908003146,-0.0011796648396982246,-0.009742434480416015,70.38603043556213
0.025778404908003146,-0.0011796648396982246,-0.009742434480416015,70.40574288368225
0.025778404908003146,-0.0011796648396982246,-0.009742434480416015,70.43681359291077
0.025778404908003146,-0.0011796648396982246,-0.009742434480416015,70.45791840553284
0.025778404908003146,-0.0011796648396982246,-0.009742434480416015,70.486257314682
0.025778404908003146,-0.0011796648396982246,-0.009742434480416015,70.50889539718628
0.025778404908003146,-0.0011796648396982246,-0.009742434480416015,70.53137063980103
0.025778404908003146,-0.0011796648396982246,-0.009742434480416015,70.55832958221436
0.025778404908003146,-0.0011796648396982246,-0.009742434480416015,70.58759951591492
0.025778404908003146,-0.0011796648396982246,-0.009742434480416015,70.60846138000488
0.025778404908003146,-0.0011796648396982246,-0.009742434480416015,70.63590478897095
0.025778404908003146,-0.0011796648396982246,-0.009742434480416015,70.65712094306946
0.025778404908003146,-0.0011796648396982246,-0.009742434480416015,70.67827916145325
0.025778404908003146,-0.0011796648396982246,-0.009742434480416015,70.70695233345032
0.025778404908003146,-0.0011796648396982246,-0.009742434480416015,70.72955846786499
0.025756023710614633,-0.001194755090849292,-0.009832518889969897,70.76052379608154
0.025756023710614633,-0.001194755090849292,-0.009832518889969897,70.78833770751953
0.025778404908003146,-0.0011796648396982246,-0.009742434480416015,70.8118109703064
0.025786763399783814,-0.0011729603574094083,-0.009859406779448078,70.8339478969574
0.025778404908003146,-0.0011796648396982246,-0.009742434480416015,70.8534607887268
0.025778404908003146,-0.0011796648396982246,-0.009742434480416015,70.87408709526062
0.025778404908003146,-0.0011796648396982246,-0.009742434480416015,70.90642762184143
0.025778404908003146,-0.0011796648396982246,-0.009742434480416015,70.9321641921997
0.025778404908003146,-0.0011796648396982246,-0.009742434480416015,70.95421147346497
0.025778404908003146,-0.0011796648396982246,-0.009742434480416015,70.98126769065857
0.025778404908003146,-0.0011796648396982246,-0.009742434480416015,71.00716638565063
0.025778404908003146,-0.0011796648396982246,-0.009742434480416015,71.03046107292175
0.025778404908003146,-0.0011796648396982246,-0.009742434480416015,71.05878829956055
0.025778404908003146,-0.0011796648396982246,-0.009742434480416015,71.080885887146
0.025778404908003146,-0.0011796648396982246,-0.009742434480416015,71.10501003265381
0.025778404908003146,-0.0011796648396982246,-0.009742434480416015,71.12675189971924
0.025778404908003146,-0.0011796648396982246,-0.009742434480416015,71.15285444259644
0.025778404908003146,-0.0011796648396982246,-0.009742434480416015,71.17296886444092
0.025778404908003146,-0.0011796648396982246,-0.009742434480416015,71.19998073577881
0.025489132932710303,-0.001179637588278326,-0.00976278611484705,71.2308611869812
0.025778404908003146,-0.0011796648396982246,-0.009742434480416015,71.25593900680542
0.025778404908003146,-0.0011796648396982246,-0.009742434480416015,71.27583074569702
0.025778404908003146,-0.0011796648396982246,-0.009742434480416015,71.29981756210327
0.025778404908003146,-0.0011796648396982246,-0.009742434480416015,71.32507371902466
0.025778404908003146,-0.0011796648396982246,-0.009742434480416015,71.35221886634827
0.025778404908003146,-0.0011796648396982246,-0.009742434480416015,71.3749349117279
0.025489132932710303,-0.001179637588278326,-0.00976278611484705,71.4021565914154
0.025489132932710303,-0.001179637588278326,-0.00976278611484705,71.42874264717102
0.025778404908003146,-0.0011796648396982246,-0.009742434480416015,71.45559120178223
0.025778404908003146,-0.0011796648396982246,-0.009742434480416015,71.47941279411316
0.025778404908003146,-0.0011796648396982246,-0.009742434480416015,71.49995231628418
0.025778404908003146,-0.0011796648396982246,-0.009742434480416015,71.532705783844
0.025778404908003146,-0.0011796648396982246,-0.009742434480416015,71.56897401809692
0.025778404908003146,-0.0011796648396982246,-0.009742434480416015,71.60016393661499
0.025778404908003146,-0.0011796648396982246,-0.009742434480416015,71.61923742294312
0.025778404908003146,-0.0011796648396982246,-0.009742434480416015,71.66256976127625
0.025778404908003146,-0.0011796648396982246,-0.009742434480416015,71.69316697120667
0.025778404908003146,-0.0011796648396982246,-0.009742434480416015,71.71497440338135
0.025778404908003146,-0.0011796648396982246,-0.009742434480416015,71.7362310886383
0.025778404908003146,-0.0011796648396982246,-0.009742434480416015,71.75746607780457
0.025756023710614633,-0.001194755090849292,-0.009832518889969897,71.79476809501648
0.025778404908003146,-0.0011796648396982246,-0.009742434480416015,71.8176851272583
0.02580805019873629,-0.0010038887302853405,-0.009864260857452128,71.8453106880188
0.025778404908003146,-0.0011796648396982246,-0.009742434480416015,71.87212777137756
0.025778404908003146,-0.0011796648396982246,-0.009742434480416015,71.90038871765137
0.025778404908003146,-0.0011796648396982246,-0.009742434480416015,71.91930723190308
0.025778404908003146,-0.0011796648396982246,-0.009742434480416015,71.9470784664154
0.025778404908003146,-0.0011796648396982246,-0.009742434480416015,71.96872234344482
0.025489132932710303,-0.001179637588278326,-0.00976278611484705,71.99429202079773
0.025778404908003146,-0.0011796648396982246,-0.009742434480416015,72.02265429496765
0.025778404908003146,-0.0011796648396982246,-0.009742434480416015,72.04365348815918
0.025778404908003146,-0.0011796648396982246,-0.009742434480416015,72.07047700881958
0.025778404908003146,-0.0011796648396982246,-0.009742434480416015,72.09516263008118
0.025756023710614633,-0.001194755090849292,-0.009832518889969897,72.12081837654114
0.025764196648143146,-0.0011879920571509772,-0.009949524332252867,72.15160870552063
0.025786763399783814,-0.0011729603574094083,-0.009859406779448078,72.17818927764893
0.025778404908003146,-0.0011796648396982246,-0.009742434480416015,72.20042991638184
0.025778404908003146,-0.0011796648396982246,-0.009742434480416015,72.23245310783386
0.025778404908003146,-0.0011796648396982246,-0.009742434480416015,72.26255488395691
0.025756023710614633,-0.001194755090849292,-0.009832518889969897,72.28399610519409
0.025778404908003146,-0.0011796648396982246,-0.009742434480416015,72.3090488910675
0.025778404908003146,-0.0011796648396982246,-0.009742434480416015,72.34083843231201
0.025778404908003146,-0.0011796648396982246,-0.009742434480416015,72.37189078330994
0.025778404908003146,-0.0011796648396982246,-0.009742434480416015,72.39052391052246
0.025778404908003146,-0.0011796648396982246,-0.009742434480416015,72.41041469573975
0.025778404908003146,-0.0011796648396982246,-0.009742434480416015,72.43922472000122
0.025778404908003146,-0.0011796648396982246,-0.009742434480416015,72.4640851020813
0.025778404908003146,-0.0011796648396982246,-0.009742434480416015,72.49727535247803
0.025778404908003146,-0.0011796648396982246,-0.009742434480416015,72.5284469127655
0.025778404908003146,-0.0011796648396982246,-0.009742434480416015,72.55910420417786
0.025778404908003146,-0.0011796648396982246,-0.009742434480416015,72.58027529716492
0.025778404908003146,-0.0011796648396982246,-0.009742434480416015,72.60369515419006
0.025778404908003146,-0.0011796648396982246,-0.009742434480416015,72.62649130821228
0.025489132932710303,-0.001179637588278326,-0.00976278611484705,72.64881443977356
0.025778404908003146,-0.0011796648396982246,-0.009742434480416015,72.67597103118896
0.025489132932710303,-0.001179637588278326,-0.00976278611484705,72.69820809364319
0.025497523055319087,-0.0011729245920392428,-0.009879951292954445,72.71881365776062
0.025778404908003146,-0.0011796648396982246,-0.009742434480416015,72.74892473220825
0.025778404908003146,-0.0011796648396982246,-0.009742434480416015,72.78085231781006
0.025778404908003146,-0.0011796648396982246,-0.009742434480416015,72.81174063682556
0.025778404908003146,-0.0011796648396982246,-0.009742434480416015,72.84400129318237
0.025489132932710303,-0.001179637588278326,-0.00976278611484705,72.86331462860107
0.025518594446560385,-0.0010035719318915726,-0.009884831247213054,72.89106631278992
0.025778404908003146,-0.0011796648396982246,-0.009742434480416015,72.91452050209045
0.025778404908003146,-0.0011796648396982246,-0.009742434480416015,72.94005680084229
0.025778404908003146,-0.0011796648396982246,-0.009742434480416015,72.97100281715393
0.025778404908003146,-0.0011796648396982246,-0.009742434480416015,73.00321078300476
0.025778404908003146,-0.0011796648396982246,-0.009742434480416015,73.03548431396484
0.025778404908003146,-0.0011796648396982246,-0.009742434480416015,73.05585885047913
0.025778404908003146,-0.0011796648396982246,-0.009742434480416015,73.07964825630188
0.025778404908003146,-0.0011796648396982246,-0.009742434480416015,73.10914421081543
0.025489132932710303,-0.001179637588278326,-0.00976278611484705,73.1313967704773
0.025778404908003146,-0.0011796648396982246,-0.009742434480416015,73.15672421455383
0.025489132932710303,-0.001179637588278326,-0.00976278611484705,73.19445610046387
0.025489132932710303,-0.001179637588278326,-0.00976278611484705,73.22624659538269
0.025778404908003146,-0.0011796648396982246,-0.009742434480416015,73.24662899971008
0.025778404908003146,-0.0011796648396982246,-0.009742434480416015,73.26985573768616
0.025778404908003146,-0.0011796648396982246,-0.009742434480416015,73.29559063911438
0.025778404908003146,-0.0011796648396982246,-0.009742434480416015,73.3242621421814
0.025778404908003146,-0.0011796648396982246,-0.009742434480416015,73.35010147094727
0.025778404908003146,-0.0011796648396982246,-0.009742434480416015,73.37948298454285
0.025489132932710303,-0.001179637588278326,-0.00976278611484705,73.40007638931274
0.025778404908003146,-0.0011796648396982246,-0.009742434480416015,73.43092727661133
0.025778404908003146,-0.0011796648396982246,-0.009742434480416015,73.45852875709534
0.025778404908003146,-0.0011796648396982246,-0.009742434480416015,73.47834873199463
0.025778404908003146,-0.0011796648396982246,-0.009742434480416015,73.50063109397888
0.025778404908003146,-0.0011796648396982246,-0.009742434480416015,73.525381565094
0.025778404908003146,-0.0011796648396982246,-0.009742434480416015,73.55886745452881
0.025778404908003146,-0.0011796648396982246,-0.009742434480416015,73.58782815933228
0.025778404908003146,-0.0011796648396982246,-0.009742434480416015,73.61334991455078
0.025778404908003146,-0.0011796648396982246,-0.009742434480416015,73.63671112060547
0.025778404908003146,-0.0011796648396982246,-0.009742434480416015,73.65975642204285
0.025778404908003146,-0.0011796648396982246,-0.009742434480416015,73.68400144577026
0.025778404908003146,-0.0011796648396982246,-0.009742434480416015,73.70531058311462
0.02546677600710786,-0.00119470251818532,-0.009852869733813002,73.73507952690125
0.025778404908003146,-0.0011796648396982246,-0.009742434480416015,73.75864624977112
0.025489132932710303,-0.001179637588278326,-0.00976278611484705,73.78442192077637
0.025489132932710303,-0.001179637588278326,-0.00976278611484705,73.80760478973389
0.025778404908003146,-0.0011796648396982246,-0.009742434480416015,73.82909989356995
0.025778404908003146,-0.0011796648396982246,-0.009742434480416015,73.8527467250824
0.025778404908003146,-0.0011796648396982246,-0.009742434480416015,73.88595724105835
0.025778404908003146,-0.0011796648396982246,-0.009742434480416015,73.91609239578247
0.025778404908003146,-0.0011796648396982246,-0.009742434480416015,73.94827175140381
0.025778404908003146,-0.0011796648396982246,-0.009742434480416015,73.98010087013245
0.025778404908003146,-0.0011796648396982246,-0.009742434480416015,74.01240396499634
0.025489132932710303,-0.001179637588278326,-0.00976278611484705,74.04374933242798
0.025778404908003146,-0.0011796648396982246,-0.009742434480416015,74.07412695884705
0.025778404908003146,-0.0011796648396982246,-0.009742434480416015,74.1048493385315
0.025778404908003146,-0.0011796648396982246,-0.009742434480416015,74.13656783103943
0.025778404908003146,-0.0011796648396982246,-0.009742434480416015,74.16912460327148
0.025778404908003146,-0.0011796648396982246,-0.009742434480416015,74.19403147697449
0.025778404908003146,-0.0011796648396982246,-0.009742434480416015,74.22471046447754
0.025778404908003146,-0.0011796648396982246,-0.009742434480416015,74.24165105819702
0.025778404908003146,-0.0011796648396982246,-0.009742434480416015,74.26410961151123
0.025778404908003146,-0.0011796648396982246,-0.009742434480416015,74.29092860221863
0.025778404908003146,-0.0011796648396982246,-0.009742434480416015,74.31616234779358
0.025778404908003146,-0.0011796648396982246,-0.009742434480416015,74.34098029136658
0.025778404908003146,-0.0011796648396982246,-0.009742434480416015,74.3647301197052
0.025778404908003146,-0.0011796648396982246,-0.009742434480416015,74.38967728614807
0.025778404908003146,-0.0011796648396982246,-0.009742434480416015,74.4135193824768
0.025778404908003146,-0.0011796648396982246,-0.009742434480416015,74.43854904174805
0.025778404908003146,-0.0011796648396982246,-0.009742434480416015,74.4619812965393
0.025778404908003146,-0.0011796648396982246,-0.009742434480416015,74.49055910110474
0.025778404908003146,-0.0011796648396982246,-0.009742434480416015,74.50654935836792
0.025778404908003146,-0.0011796648396982246,-0.009742434480416015,74.53030681610107
0.025778404908003146,-0.0011796648396982246,-0.009742434480416015,74.56044268608093
0.025778404908003146,-0.0011796648396982246,-0.009742434480416015,74.59031796455383
0.025489132932710303,-0.001179637588278326,-0.00976278611484705,74.6234450340271
0.025786763399783814,-0.0011729603574094083,-0.009859406779448078,74.64647030830383
0.025778404908003146,-0.0011796648396982246,-0.009742434480416015,74.66733479499817
0.025778404908003146,-0.0011796648396982246,-0.009742434480416015,74.69537043571472
0.025489132932710303,-0.001179637588278326,-0.00976278611484705,74.72057819366455
0.025778404908003146,-0.0011796648396982246,-0.009742434480416015,74.76584315299988
0.025778404908003146,-0.0011796648396982246,-0.009742434480416015,74.79757475852966
0.025489132932710303,-0.001179637588278326,-0.00976278611484705,74.82911229133606
0.025778404908003146,-0.0011796648396982246,-0.009742434480416015,74.84794354438782
0.025778404908003146,-0.0011796648396982246,-0.009742434480416015,74.87277150154114
0.025778404908003146,-0.0011796648396982246,-0.009742434480416015,74.89465689659119
0.025778404908003146,-0.0011796648396982246,-0.009742434480416015,74.92271041870117
0.025756023710614633,-0.001194755090849292,-0.009832518889969897,74.95406436920166
0.025778404908003146,-0.0011796648396982246,-0.009742434480416015,74.98571038246155
0.025778404908003146,-0.0011796648396982246,-0.009742434480416015,75.01686549186707
0.025778404908003146,-0.0011796648396982246,-0.009742434480416015,75.0380208492279
0.025778404908003146,-0.0011796648396982246,-0.009742434480416015,75.06152081489563
0.025778404908003146,-0.0011796648396982246,-0.009742434480416015,75.08584308624268
0.025778404908003146,-0.0011796648396982246,-0.009742434480416015,75.10999512672424
0.025756023710614633,-0.001194755090849292,-0.009832518889969897,75.14070343971252
0.025778404908003146,-0.0011796648396982246,-0.009742434480416015,75.1730101108551
0.025778404908003146,-0.0011796648396982246,-0.009742434480416015,75.20596861839294
0.025778404908003146,-0.0011796648396982246,-0.009742434480416015,75.22679829597473
0.025778404908003146,-0.0011796648396982246,-0.009742434480416015,75.2694365978241
0.025778404908003146,-0.0011796648396982246,-0.009742434480416015,75.2887806892395
0.025778404908003146,-0.0011796648396982246,-0.009742434480416015,75.31277823448181
0.025778404908003146,-0.0011796648396982246,-0.009742434480416015,75.33598494529724
0.025778404908003146,-0.0011796648396982246,-0.009742434480416015,75.3624472618103
0.025778404908003146,-0.0011796648396982246,-0.009742434480416015,75.39080262184143
0.025778404908003146,-0.0011796648396982246,-0.009742434480416015,75.41797757148743
0.025778404908003146,-0.0011796648396982246,-0.009742434480416015,75.43923568725586
0.025778404908003146,-0.0011796648396982246,-0.009742434480416015,75.4669349193573
0.025778404908003146,-0.0011796648396982246,-0.009742434480416015,75.48891043663025
0.025778404908003146,-0.0011796648396982246,-0.009742434480416015,75.51273512840271
0.025764196648143146,-0.0011879920571509772,-0.009949524332252867,75.53363871574402
0.025778404908003146,-0.0011796648396982246,-0.009742434480416015,75.56486344337463
0.025778404908003146,-0.0011796648396982246,-0.009742434480416015,75.59688758850098
0.025489132932710303,-0.001179637588278326,-0.00976278611484705,75.62787866592407
0.02579972472941882,-0.0010105819267167693,-0.009747301019336968,75.6601288318634
0.025756023710614633,-0.001194755090849292,-0.009832518889969897,75.67888474464417
0.025778404908003146,-0.0011796648396982246,-0.009742434480416015,75.70396709442139
0.025778404908003146,-0.0011796648396982246,-0.009742434480416015,75.73320317268372
0.025786763399783814,-0.0011729603574094083,-0.009859406779448078,75.75559282302856
0.025778404908003146,-0.0011796648396982246,-0.009742434480416015,75.78553819656372
0.025778404908003146,-0.0011796648396982246,-0.009742434480416015,75.80885100364685
0.025778404908003146,-0.0011796648396982246,-0.009742434480416015,75.83441519737244
0.025778404908003146,-0.0011796648396982246,-0.009742434480416015,75.86013865470886
0.025778404908003146,-0.0011796648396982246,-0.009742434480416015,75.88202571868896
0.025778404908003146,-0.0011796648396982246,-0.009742434480416015,75.90190887451172
0.025778404908003146,-0.0011796648396982246,-0.009742434480416015,75.92715001106262
0.025778404908003146,-0.0011796648396982246,-0.009742434480416015,75.95926642417908
0.025778404908003146,-0.0011796648396982246,-0.009742434480416015,75.98000240325928
0.025778404908003146,-0.0011796648396982246,-0.009742434480416015,76.00252985954285
0.025778404908003146,-0.0011796648396982246,-0.009742434480416015,76.02965688705444
0.025778404908003146,-0.0011796648396982246,-0.009742434480416015,76.07078671455383
0.025778404908003146,-0.0011796648396982246,-0.009742434480416015,76.10445618629456
0.025778404908003146,-0.0011796648396982246,-0.009742434480416015,76.13455986976624
0.025778404908003146,-0.0011796648396982246,-0.009742434480416015,76.17001533508301
0.025778404908003146,-0.0011796648396982246,-0.009742434480416015,76.19884061813354
0.025778404908003146,-0.0011796648396982246,-0.009742434480416015,76.22952723503113
0.025778404908003146,-0.0011796648396982246,-0.009742434480416015,76.2610878944397
0.025778404908003146,-0.0011796648396982246,-0.009742434480416015,76.28342819213867
0.025778404908003146,-0.0011796648396982246,-0.009742434480416015,76.30804347991943
0.025778404908003146,-0.0011796648396982246,-0.009742434480416015,76.33216714859009
0.025778404908003146,-0.0011796648396982246,-0.009742434480416015,76.3525562286377
0.025778404908003146,-0.0011796648396982246,-0.009742434480416015,76.37544417381287
0.025778404908003146,-0.0011796648396982246,-0.009742434480416015,76.39966940879822
0.025778404908003146,-0.0011796648396982246,-0.009742434480416015,76.42127180099487
0.025778404908003146,-0.0011796648396982246,-0.009742434480416015,76.45021963119507
0.025778404908003146,-0.0011796648396982246,-0.009742434480416015,76.4812536239624
0.025778404908003146,-0.0011796648396982246,-0.009742434480416015,76.51271319389343
0.025756023710614633,-0.001194755090849292,-0.009832518889969897,76.54392957687378
0.025756023710614633,-0.001194755090849292,-0.009832518889969897,76.56508111953735
0.025756023710614633,-0.001194755090849292,-0.009832518889969897,76.59474492073059
0.025764196648143146,-0.0011879920571509772,-0.009949524332252867,76.62464118003845
0.025778404908003146,-0.0011796648396982246,-0.009742434480416015,76.6515679359436
0.025778404908003146,-0.0011796648396982246,-0.009742434480416015,76.68363761901855
0.025778404908003146,-0.0011796648396982246,-0.009742434480416015,76.70797491073608
0.025489132932710303,-0.001179637588278326,-0.00976278611484705,76.7325496673584
0.025778404908003146,-0.0011796648396982246,-0.009742434480416015,76.75830411911011
0.025778404908003146,-0.0011796648396982246,-0.009742434480416015,76.78314256668091
0.025786763399783814,-0.0011729603574094083,-0.009859406779448078,76.8030743598938
0.025778404908003146,-0.0011796648396982246,-0.009742434480416015,76.82686161994934
0.025756023710614633,-0.001194755090849292,-0.009832518889969897,76.85178232192993
0.025489132932710303,-0.001179637588278326,-0.00976278611484705,76.87607455253601
0.025778404908003146,-0.0011796648396982246,-0.009742434480416015,76.90611147880554
0.025778404908003146,-0.0011796648396982246,-0.009742434480416015,76.92842102050781
0.025778404908003146,-0.0011796648396982246,-0.009742434480416015,76.95588302612305
0.025778404908003146,-0.0011796648396982246,-0.009742434480416015,76.98244190216064
0.025778404908003146,-0.0011796648396982246,-0.009742434480416015,77.00517463684082
0.025489132932710303,-0.001179637588278326,-0.00976278611484705,77.03186678886414
0.025778404908003146,-0.0011796648396982246,-0.009742434480416015,77.06045961380005
0.025778404908003146,-0.0011796648396982246,-0.009742434480416015,77.08030915260315
0.025778404908003146,-0.0011796648396982246,-0.009742434480416015,77.12181425094604
0.025778404908003146,-0.0011796648396982246,-0.009742434480416015,77.15308403968811
0.025778404908003146,-0.0011796648396982246,-0.009742434480416015,77.17552065849304
0.025778404908003146,-0.0011796648396982246,-0.009742434480416015,77.21585631370544
0.025778404908003146,-0.0011796648396982246,-0.009742434480416015,77.24563097953796
0.025778404908003146,-0.0011796648396982246,-0.009742434480416015,77.26755094528198
0.025778404908003146,-0.0011796648396982246,-0.009742434480416015,77.29610514640808
0.025778404908003146,-0.0011796648396982246,-0.009742434480416015,77.31497311592102
0.025778404908003146,-0.0011796648396982246,-0.009742434480416015,77.34041118621826
0.025778404908003146,-0.0011796648396982246,-0.009742434480416015,77.3660237789154
0.025778404908003146,-0.0011796648396982246,-0.009742434480416015,77.3911018371582
0.025778404908003146,-0.0011796648396982246,-0.009742434480416015,77.41468214988708
0.025778404908003146,-0.0011796648396982246,-0.009742434480416015,77.44168496131897
0.025778404908003146,-0.0011796648396982246,-0.009742434480416015,77.46521091461182
0.025489132932710303,-0.001179637588278326,-0.00976278611484705,77.49627804756165
0.025756023710614633,-0.001194755090849292,-0.009832518889969897,77.51574420928955
0.025778404908003146,-0.0011796648396982246,-0.009742434480416015,77.54090356826782
0.025778404908003146,-0.0011796648396982246,-0.009742434480416015,77.56612062454224
0.025778404908003146,-0.0011796648396982246,-0.009742434480416015,77.61432003974915
0.025778404908003146,-0.0011796648396982246,-0.009742434480416015,77.64618635177612
0.025778404908003146,-0.0011796648396982246,-0.009742434480416015,77.6669819355011
0.025786763399783814,-0.0011729603574094083,-0.009859406779448078,77.7062759399414
0.025786763399783814,-0.0011729603574094083,-0.009859406779448078,77.72830176353455
0.025778404908003146,-0.0011796648396982246,-0.009742434480416015,77.75540661811829
0.025778404908003146,-0.0011796648396982246,-0.009742434480416015,77.77463698387146
0.025786763399783814,-0.0011729603574094083,-0.009859406779448078,77.8031120300293
0.025778404908003146,-0.0011796648396982246,-0.009742434480416015,77.83404564857483
0.025778404908003146,-0.0011796648396982246,-0.009742434480416015,77.8532543182373
0.025764196648143146,-0.0011879920571509772,-0.009949524332252867,77.87858819961548
0.025778404908003146,-0.0011796648396982246,-0.009742434480416015,77.91298794746399
0.025756023710614633,-0.001194755090849292,-0.009832518889969897,77.94194674491882
0.025756023710614633,-0.001194755090849292,-0.009832518889969897,77.9650251865387
0.025786763399783814,-0.0011729603574094083,-0.009859406779448078,77.98415780067444
0.025778404908003146,-0.0011796648396982246,-0.009742434480416015,78.01211762428284
0.025778404908003146,-0.0011796648396982246,-0.009742434480416015,78.03694248199463
0.025786763399783814,-0.0011729603574094083,-0.009859406779448078,78.0582058429718
0.025786763399783814,-0.0011729603574094083,-0.009859406779448078,78.09156394004822
0.025778404908003146,-0.0011796648396982246,-0.009742434480416015,78.117107629776
0.025786763399783814,-0.0011729603574094083,-0.009859406779448078,78.13940286636353
0.025778404908003146,-0.0011796648396982246,-0.009742434480416015,78.18066692352295
0.025756023710614633,-0.001194755090849292,-0.009832518889969897,78.20039868354797
0.025756023710614633,-0.001194755090849292,-0.009832518889969897,78.2272596359253
0.025756023710614633,-0.001194755090849292,-0.009832518889969897,78.25066304206848
0.025756023710614633,-0.001194755090849292,-0.009832518889969897,78.27229237556458
0.025786763399783814,-0.0011729603574094083,-0.009859406779448078,78.29735612869263
0.025756023710614633,-0.001194755090849292,-0.009832518889969897,78.32283568382263
0.025764196648143146,-0.0011879920571509772,-0.009949524332252867,78.34307980537415
0.025764196648143146,-0.0011879920571509772,-0.009949524332252867,78.3723783493042
0.025778404908003146,-0.0011796648396982246,-0.009742434480416015,78.4036192893982
0.025764196648143146,-0.0011879920571509772,-0.009949524332252867,78.42236351966858
0.025756023710614633,-0.001194755090849292,-0.009832518889969897,78.44173240661621
0.025778404908003146,-0.0011796648396982246,-0.009742434480416015,78.46179604530334
0.025778404908003146,-0.0011796648396982246,-0.009742434480416015,78.48648881912231
0.025778404908003146,-0.0011796648396982246,-0.009742434480416015,78.51502919197083
0.025778404908003146,-0.0011796648396982246,-0.009742434480416015,78.534747838974
0.025778404908003146,-0.0011796648396982246,-0.009742434480416015,78.55501365661621
0.025489132932710303,-0.001179637588278326,-0.00976278611484705,78.58440113067627
0.025778404908003146,-0.0011796648396982246,-0.009742434480416015,78.60763192176819
0.025778404908003146,-0.0011796648396982246,-0.009742434480416015,78.63834643363953
0.025778404908003146,-0.0011796648396982246,-0.009742434480416015,78.66426253318787
0.025778404908003146,-0.0011796648396982246,-0.009742434480416015,78.68623995780945
0.025778404908003146,-0.0011796648396982246,-0.009742434480416015,78.70930171012878
0.025778404908003146,-0.0011796648396982246,-0.009742434480416015,78.73639750480652
0.025778404908003146,-0.0011796648396982246,-0.009742434480416015,78.76379227638245
0.025778404908003146,-0.0011796648396982246,-0.009742434480416015,78.78805184364319
0.025778404908003146,-0.0011796648396982246,-0.009742434480416015,78.81134843826294
0.025778404908003146,-0.0011796648396982246,-0.009742434480416015,78.83386707305908
0.025778404908003146,-0.0011796648396982246,-0.009742434480416015,78.86208319664001
0.025778404908003146,-0.0011796648396982246,-0.009742434480416015,78.88738989830017
0.025778404908003146,-0.0011796648396982246,-0.009742434480416015,78.91615986824036
0.025778404908003146,-0.0011796648396982246,-0.009742434480416015,78.94427847862244
0.025778404908003146,-0.0011796648396982246,-0.009742434480416015,78.97539401054382
0.025778404908003146,-0.0011796648396982246,-0.009742434480416015,78.99453663825989
0.025778404908003146,-0.0011796648396982246,-0.009742434480416015,79.0207052230835
0.025778404908003146,-0.0011796648396982246,-0.009742434480416015,79.04294967651367
0.025778404908003146,-0.0011796648396982246,-0.009742434480416015,79.06486058235168
0.025778404908003146,-0.0011796648396982246,-0.009742434480416015,79.0895893573761
0.025778404908003146,-0.0011796648396982246,-0.009742434480416015,79.11149978637695
